,transcription,recognized,phonetic_ev,new_path,lang
937,"Ti,Muŋgoqpyayăbilaănăkomhnidawhanowh.",wɪθoʊbərtreɪhɛvihərtwɪnwigoʊthəŋgəld,0.3221447253705318,/home/kesha/dev/uni/kursach/refs/asr/new_audio/937.wav,yrk
867,Nyewiirinatatikimuŋgohyesyaq,jʊrrwɪgiɪməpæʧəbɪwoʊfəljɛsjɛt,0.20411568409343714,/home/kesha/dev/uni/kursach/refs/asr/new_audio/867.wav,yrk
2607,ďūjahawalďapkīl,ʤuioʊhaʊwəngɪpfid,0.3671726755218216,/home/kesha/dev/uni/kursach/refs/asr/new_audio/2607.wav,evn
2271,atirkānŋəlitnəitigāmalčarandā,əθɪkatnɔrlɪʧnɔɪzdðəgoʊmasketəndæk,0.3191593352883676,/home/kesha/dev/uni/kursach/refs/asr/new_audio/2271.wav,evn
2671,śīswatojbiśinnə,səntɛzʃiʃirɪθɔɪbitɪdɪnlɪk,0.5619354838709678,/home/kesha/dev/uni/kursach/refs/asr/new_audio/2671.wav,evn
548,ăbtyumanyundasinyancinhŋămyandamalmhmǣŋgudaŋanipunyakuhmǣŋgudatikiŋacyekia,əʤolənpinæhɪtɔnðədmaɪroʊkwɪθənoʊpəlnɪpərɔʤbləhɑ,0.44790758500435923,/home/kesha/dev/uni/kursach/refs/asr/new_audio/548.wav,yrk
1157,ŋămgǣhpirkănanisyarnyewonondayudǣqyaqawamda:,ðərɛkəniʃædniŋəndərðədf,0.5274926686217009,/home/kesha/dev/uni/kursach/refs/asr/new_audio/1157.wav,yrk
546,tărcyanyetadnyernyahyaŋgobtataramaqniwqyahobahninya,dɪtɪnegɪtsənɪliowəttɪðətɪmaɪjəgobrin,0.3478810879190386,/home/kesha/dev/uni/kursach/refs/asr/new_audio/546.wav,yrk
835,tikiŋăcyekǣrŋarmdaki,iməɪʧgæmɔdəərd,0.4096774193548387,/home/kesha/dev/uni/kursach/refs/asr/new_audio/835.wav,yrk
3166,tōlībihulukūnbisōf,doʊntubihuɪlwʊntbisoʊ,0.380184331797235,/home/kesha/dev/uni/kursach/refs/asr/new_audio/3166.wav,evn
431,"Maqniwqyesyaarw,maqniwq",mənijuhuɔtərməni,0.3856942496493689,/home/kesha/dev/uni/kursach/refs/asr/new_audio/431.wav,yrk
378,"ayeradhparyeŋodaărtatyenyewa,maqniwq",əhaɪɪtɪðeɪwɪlhaktɪhitəwʊmən,0.3472222222222222,/home/kesha/dev/uni/kursach/refs/asr/new_audio/378.wav,yrk
1816,nutekqoraɣənretəɬʔənənqen,nutetərhwædənlɪtstənpəŋ,0.20580645161290323,/home/kesha/dev/uni/kursach/refs/asr/new_audio/1816.wav,ckt
1710,“Syancyokuniǣwakunilǣtambanqmanʹpoyorcʹandadmh.q,hɛwoumiʧeɪnʤəpunɪdbiərðənbənmenəpjuhævbɪaɪndan,0.32728494623655924,/home/kesha/dev/uni/kursach/refs/asr/new_audio/1710.wav,yrk
2917,tadukkaaŋiran,ðelʊkɔfgərent,0.24317617866004962,/home/kesha/dev/uni/kursach/refs/asr/new_audio/2917.wav,evn
2484,ərəgərithəkərgəkonəməməśotarŋinakin,ʊdaɪwʊdətoʊkatəgoʊkartənhomwɪθsəʧəlinnək,0.29516129032258065,/home/kesha/dev/uni/kursach/refs/asr/new_audio/2484.wav,evn
305,"tiqliqanihlyekarqmanǣqyadoh,",tuwilæŋgɪjugətəməniɪzənt,0.288594470046083,/home/kesha/dev/uni/kursach/refs/asr/new_audio/305.wav,yrk
709,Tikinyerhidartawiăbidtǣriŋamdidq,dɪbɪɪləðədɔɪwɪθɪtðəthirontɪd,0.29586693548387094,/home/kesha/dev/uni/kursach/refs/asr/new_audio/709.wav,yrk
1574,ңuliqңamgǣǣrtniwiyaңguq.,wioʊbɛtərðənðəri,0.46975806451612906,/home/kesha/dev/uni/kursach/refs/asr/new_audio/1574.wav,yrk
1142,Tyedahmănʹsitmanoŋgadmhtikaăna»,ðæntənʧsjutɪanwɪθgoloʊkɪŋ,0.3522372528616025,/home/kesha/dev/uni/kursach/refs/asr/new_audio/1142.wav,yrk
1563,Ңobhңǣsiqңaqtikinyenǣciyedpyeryenitohnyahtikitohyambanh,waɪnesɪniʧkʊdəntgɪtðəlɪmpɪŋæʧvitriəmfənt,0.39354838709677425,/home/kesha/dev/uni/kursach/refs/asr/new_audio/1563.wav,yrk
2177,tarďəwninnuŋanbiśo,tatəgidnɔɪnbisoʊ,0.29121863799283154,/home/kesha/dev/uni/kursach/refs/asr/new_audio/2177.wav,evn
922,Siqiwăbărtamhmănǣqŋadamcʹmaqniwq,hiotrənilɛvəngɪlɪŋ,0.5151209677419354,/home/kesha/dev/uni/kursach/refs/asr/new_audio/922.wav,yrk
2935,guniŋkītintarbəjəhagdikānbičōn,wʊjumkɪʧɪntətrodbɔɪəhævðəɪkɑnbɪʧɔn,0.2703984819734346,/home/kesha/dev/uni/kursach/refs/asr/new_audio/2935.wav,evn
2385,hələkomojəmiwəwāwā mə,əlʊkəmɔɪemmurætrani,0.3195084485407066,/home/kesha/dev/uni/kursach/refs/asr/new_audio/2385.wav,evn
2842,kutujəasindūəfkīlbaldirə,kʊdriaɪsindɔrgipreɪntɪd,0.2540322580645161,/home/kesha/dev/uni/kursach/refs/asr/new_audio/2842.wav,evn
1960,nrzbqənəɣjiwekwənemikəneənqenaənŋinrətərkənin,kəmætərkənuuoʊkinermikinendklənərəndɪnbɪθɪtɪk,0.22150537634408604,/home/kesha/dev/uni/kursach/refs/asr/new_audio/1960.wav,ckt
2804,hukitənhəgdɨməmə,hoʊkitərnhəgdʤdɪmob,0.20797962648556875,/home/kesha/dev/uni/kursach/refs/asr/new_audio/2804.wav,evn
1388,Mănʹănmianāanihnyudyercʹanadamaqniwqmăncyawyadaăyadmh,ənhnθəndɪŋrdɪʧhændəəəəʤuliəbæ,0.5268817204301075,/home/kesha/dev/uni/kursach/refs/asr/new_audio/1388.wav,yrk
2572,tadukhujidiγifahatkanŋifd’uγabald’iranWalagərbīśi,ðədukridɪdjuastdaɪtɪŋɪʤuəbəlbdɪdəntraɪləgʊdbiʃi,0.2689269256089532,/home/kesha/dev/uni/kursach/refs/asr/new_audio/2572.wav,evn
2489,amaskītargasirŋinakirbiśol,əməskiʤətəgræfsivnɪŋɪnəkjətɪvwishoʊt,0.367831541218638,/home/kesha/dev/uni/kursach/refs/asr/new_audio/2489.wav,evn
295,manyaqtiqnaqaqmaawtakimitakiNoskohnyaŋiǣwarkaanaŋaq,wɪnɪtdɪdnɑtmoʊltɛvwimuvdætðənɔrskwɪnərəhɛltgandɪŋat,0.2798861480075901,/home/kesha/dev/uni/kursach/refs/asr/new_audio/295.wav,yrk
2444,əńīməńīmpowarďafkī,ənumənupowadakti,0.3745519713261649,/home/kesha/dev/uni/kursach/refs/asr/new_audio/2444.wav,evn
1252,Manihtyedahnyenyumihnyedăndaanăwanhărwasiqmităryemhmayedambiwa.,lənʧhiumieɪttɔnwənhɔrsbiθɪŋmat,0.550179211469534,/home/kesha/dev/uni/kursach/refs/asr/new_audio/1252.wav,yrk
1340,sirahŋǣdakihsiqiwyurquryodamhsyaartămboyhnidohyuribyuq–,ðəsɪlonidɪkətərjuəuərərwʊdɪtrikaʊntðəwɪlɪŋitɪiɪbi,0.2598240469208212,/home/kesha/dev/uni/kursach/refs/asr/new_audio/1340.wav,yrk
57,tinaqtăryemhăyaq.,wɪlstumðəθɪdəmaɪit,0.3870967741935483,/home/kesha/dev/uni/kursach/refs/asr/new_audio/57.wav,yrk
846,tadtutapǣwsyumyahnyanaadădatămnayusyedaŋō,ðəstʊdðaʊtaɪhɪtɪŋɪnðəhɑrtəvðəliiləndwɔr,0.2995391705069125,/home/kesha/dev/uni/kursach/refs/asr/new_audio/846.wav,yrk
2025,tajagīdūilitčaŋkitintadū,teɪkəgitɪiliʃʤɪkɪtsɪntərt,0.287741935483871,/home/kesha/dev/uni/kursach/refs/asr/new_audio/2025.wav,evn
1980,oldolwəhilkiďiŋnərəwun,əmtðəwisgɪtɪnnetəwik,0.25806451612903225,/home/kesha/dev/uni/kursach/refs/asr/new_audio/1980.wav,evn
3196,bubudanštoli,rəbɔtwʊdənstoʊli,0.29032258064516125,/home/kesha/dev/uni/kursach/refs/asr/new_audio/3196.wav,evn
862,Laănăkoŋǣqniwhponhilyeŋaah,mainoɔrniowənijugʊdlf,0.3920595533498759,/home/kesha/dev/uni/kursach/refs/asr/new_audio/862.wav,yrk
148,"Takadbrigadirăn'ma""ni""im':",wʊdiðegɪvɪnbənʧɪ,0.4621588089330025,/home/kesha/dev/uni/kursach/refs/asr/new_audio/148.wav,yrk
2435,jehedukədukbəjəlbiśolhurkōkōrjekəndəldūk,juhædtɪkɪrtɪboəmvɪsɑlvdwrkɔkrjakoŋdəduk,0.2701612903225806,/home/kesha/dev/uni/kursach/refs/asr/new_audio/2435.wav,evn
2700,mōndikiwiətənnitəpūttə,ɔnðəgrelɔŋgiðəpwʊt,0.3373655913978495,/home/kesha/dev/uni/kursach/refs/asr/new_audio/2700.wav,evn
584,Mănʹtităryemhsyertăwinitădnyernyahtărcyanyenǣcyahyǎŋgoda–,nsumentɪnetkəntɪnjuəlidɪsinʤɪŋwɪlən,0.4674638487208009,/home/kesha/dev/uni/kursach/refs/asr/new_audio/584.wav,yrk
2275,lugərbīnbifkīgorolōdilojəguśo,loʊwətəbɪdɪnðɪtbɪfkivgɑtərlɔtdidlaɪaɔweɪzhæv,0.438049853372434,/home/kesha/dev/uni/kursach/refs/asr/new_audio/2275.wav,evn
247,"anyaŋidtamnaŋamdyoonaraŋgaŋgu"",",aɪdəlɪənɔnfrhonro,0.509885535900104,/home/kesha/dev/uni/kursach/refs/asr/new_audio/247.wav,yrk
755,tyaănyaŋimaqniwqsilpăwimuŋgonaqtiqnyoq,daɪəraɪhiɔrənobələtim,0.49533106960950757,/home/kesha/dev/uni/kursach/refs/asr/new_audio/755.wav,yrk
68,Tiraciyaănamaq.,uɪræktɪdðɛmmɑt,0.289247311827957,/home/kesha/dev/uni/kursach/refs/asr/new_audio/68.wav,yrk
236,"amgǣǣwaddatatawa""».",amgoʊwɛðərtɪθɔrt,0.2945670628183361,/home/kesha/dev/uni/kursach/refs/asr/new_audio/236.wav,yrk
2306,taritədūəwəŋkīlborīmāśiwkīl,taɪdɪŋtɪduəwɪdnkitɪbodimaɪsikki,0.368366285119667,/home/kesha/dev/uni/kursach/refs/asr/new_audio/2306.wav,evn
2129,ədātuŋńəkəďə ndə,ədəkəməntjuaɪʤɛnɪti,0.42869269949066213,/home/kesha/dev/uni/kursach/refs/asr/new_audio/2129.wav,evn
1750,Tiiyudanyuudatikadmi.,ʃilʊktɪtidhiərðeɪnujuðəkatnɪr,0.37819799777530605,/home/kesha/dev/uni/kursach/refs/asr/new_audio/1750.wav,yrk
258,anyaawanaq.,oʊ,0.8357771260997068,/home/kesha/dev/uni/kursach/refs/asr/new_audio/258.wav,yrk
640,"Tinyoh,tăkādtikisyurămbădaqyaqăndayadănh",kjudtɪəʧuðɪsʃrɪmbəliɪnðəədər,0.42604248623131397,/home/kesha/dev/uni/kursach/refs/asr/new_audio/640.wav,yrk
885,tikipasihnyupuucyamaqniw:,epesɪŋəɪɪman,0.5458064516129033,/home/kesha/dev/uni/kursach/refs/asr/new_audio/885.wav,yrk
2583,higētkīńəkəkəl,higɛtɪnjorkoʊkə,0.32473118279569896,/home/kesha/dev/uni/kursach/refs/asr/new_audio/2583.wav,evn
271,Titityukumǣrtanyahnyaandohwunitǣworq.,ɪɪəpoʧkmerstɪnhædntɪwənɪddwɔrt,0.33435047951176977,/home/kesha/dev/uni/kursach/refs/asr/new_audio/271.wav,yrk
2971,bəjəlkəńuŋunbisōtinbukōkuttə,boʊəkərlivɪŋbɪsaɪdɪtəkrɔpəl,0.2672811059907834,/home/kesha/dev/uni/kursach/refs/asr/new_audio/2971.wav,evn
167,wyetstanciya'nyaadŋǣdasʹ.,ɔstəntsitnɑtɪnðədɛsk,0.3516129032258064,/home/kesha/dev/uni/kursach/refs/asr/new_audio/167.wav,yrk
2695,surud'ēngorolī,rɪdgrdi,0.5806451612903225,/home/kesha/dev/uni/kursach/refs/asr/new_audio/2695.wav,evn
2344,tuŋńikərəndā,pənukətrəndar,0.33250620347394544,/home/kesha/dev/uni/kursach/refs/asr/new_audio/2344.wav,evn
2844,ərkəoronəaśinəwənkiətonutōləptiəmtyinə,wəkʊdɔtrnæsənonkiɪtɔnwddələpdɪmtiin,0.23599320882852295,/home/kesha/dev/uni/kursach/refs/asr/new_audio/2844.wav,evn
1948,ənqomətiwət…mətkeŋkeɬenməkmətsajpanməkə,əməuɪkɪməigeɪnmoməntsbarnmɑrkər,0.3283705541770059,/home/kesha/dev/uni/kursach/refs/asr/new_audio/1948.wav,ckt
1283,adăŋguqniqrawhmaqniwqtyedah,haʊduweoʊmənʧɪd,0.505973715651135,/home/kesha/dev/uni/kursach/refs/asr/new_audio/1283.wav,yrk
2497,s’irindalāəmərəwdabiəduəmonmə m,idɪŋgəlaʊmətvdətbrduəmɑtəməm,0.2700312174817898,/home/kesha/dev/uni/kursach/refs/asr/new_audio/2497.wav,evn
80,tipyelyeytadaăbtadaŋănihawi,iəpidieɪtsətəhɑpdɪənjə,0.32556750298685777,/home/kesha/dev/uni/kursach/refs/asr/new_audio/80.wav,yrk
2081,čāskīgirku m,askidɪdkn,0.31451612903225806,/home/kesha/dev/uni/kursach/refs/asr/new_audio/2081.wav,evn
27,"Tădtăkadtityedahtikimǣnyuq,yolʹcyeqmaădani,yetyaoyhnihmăncăralluwh",nətotvækjutiənkərmejuərʤəmiðənithiθɔtfərhoɪŋjuənsərɔnl,0.3663245356793744,/home/kesha/dev/uni/kursach/refs/asr/new_audio/27.wav,yrk
664,Syaqnibătohunandohŋǣdakianih,səmɪnðɪðəronərtɪlitɪtgreɪli,0.2880184331797234,/home/kesha/dev/uni/kursach/refs/asr/new_audio/664.wav,yrk
106,mănʹŋobhmǣtaqyaqmiăbtqyamia.,mɛniwʊdbətlɪθɪnərhaʊðəɑrmihɑr,0.3631813125695217,/home/kesha/dev/uni/kursach/refs/asr/new_audio/106.wav,yrk
2412,duktəlkōkūtčotaruŋtuwunmibəjə,dʊkdokɔfwɪʧjathædondɪnmiwərju,0.2975528364849833,/home/kesha/dev/uni/kursach/refs/asr/new_audio/2412.wav,evn
2835,minəalaγusan,hinato,0.5376344086021505,/home/kesha/dev/uni/kursach/refs/asr/new_audio/2835.wav,evn
799,"yalǣmdataŋulihŋădimyasyenyeyasuyyalyadandaăyaanih,",əndɪənbɪdɪŋʃimeɪhəfərilndia,0.51,/home/kesha/dev/uni/kursach/refs/asr/new_audio/799.wav,yrk
2504,hōhəgdihawabiśōntar,ɔodaabisentɪd,0.42784380305602704,/home/kesha/dev/uni/kursach/refs/asr/new_audio/2504.wav,evn
1657,[Nyeracbortʃiwo],buɪŋdriʧekek,0.4042338709677419,/home/kesha/dev/uni/kursach/refs/asr/new_audio/1657.wav,yrk
1016,ancyerrihpinaya,hihædtɪkipjʊnəni,0.282258064516129,/home/kesha/dev/uni/kursach/refs/asr/new_audio/1016.wav,yrk
325,"wadăkoyewaqtǣwrain,",waɪdɪwiodeɪli,0.38115449915110355,/home/kesha/dev/uni/kursach/refs/asr/new_audio/325.wav,yrk
1691,Lorcǣylorcǣynoypiqilpitowqtarqpiqilpitowq!,ɔrhelɔrhenɔɪbilbiɪtðoʊθətopiləbitðoʊ,0.27035330261136725,/home/kesha/dev/uni/kursach/refs/asr/new_audio/1691.wav,yrk
1338,Tǣǣbinitinimaqniwqtiŋǣqniwh,tuðɪŋwɪθɪnəmɑrkiləlu,0.3853046594982078,/home/kesha/dev/uni/kursach/refs/asr/new_audio/1338.wav,yrk
1711,Pidapoyorcʹayaaniqǣwanyawaaniq.,bətðəbɔɪjotəhidanithanoʊwni,0.3199791883454734,/home/kesha/dev/uni/kursach/refs/asr/new_audio/1711.wav,yrk
754,"tyedahwaaltamdmaqnidămhtyedahmǣŋgudmh,",ðəhgɪtəpwɑlpɪntumaɪrgetɪɪŋwʊd,0.3455008488964346,/home/kesha/dev/uni/kursach/refs/asr/new_audio/754.wav,yrk
791,myadmhsyurtyeăyāanihmyaknaso.,annɛvərkʊdihəjəŋjɛtnəθɪŋfər,0.36182795698924747,/home/kesha/dev/uni/kursach/refs/asr/new_audio/791.wav,yrk
104,Tădyedǣyyanhŋamdwamiti,aɪpoʊntizəjəŋɔntɔrtənʧit,0.35551075268817206,/home/kesha/dev/uni/kursach/refs/asr/new_audio/104.wav,yrk
729,adamdohmǣmbdaandoh,hævjudumɛləθənt,0.3449820788530466,/home/kesha/dev/uni/kursach/refs/asr/new_audio/729.wav,yrk
1936,ətrʔesənqenɬɣiinʔenəɣjewmuri,dɪzsətəntuitənujəŋwu,0.3525345622119816,/home/kesha/dev/uni/kursach/refs/asr/new_audio/1936.wav,ckt
1826,ənqennəwetɣawqenat,dɪzðəwɪʧowɪntɪt,0.278673835125448,/home/kesha/dev/uni/kursach/refs/asr/new_audio/1826.wav,ckt
2647,ojəktɨnhuktɨllətolko,bɔɪəktɪnkwʊkpdɪlɪlətboʊskət,0.2962962962962963,/home/kesha/dev/uni/kursach/refs/asr/new_audio/2647.wav,evn
2312,ahītarguldən,aɪitðətəgoʊldɪddɪnər,0.4887096774193548,/home/kesha/dev/uni/kursach/refs/asr/new_audio/2312.wav,evn
2238,ajamamatinďərə ,aɪəmoiθingɪtər,0.25806451612903225,/home/kesha/dev/uni/kursach/refs/asr/new_audio/2238.wav,evn
534,Siirtyamaqniwqninmălyeq,ʧərʧɪnmaɪnuunəmeɪt,0.33520336605890605,/home/kesha/dev/uni/kursach/refs/asr/new_audio/534.wav,yrk
2569,nuvotahilasalaftarhutəlwibaldilda ,ərjulɛsaɪlæftðərhutɛljubətgɪdðə,0.20161290322580647,/home/kesha/dev/uni/kursach/refs/asr/new_audio/2569.wav,evn
2381,hutəlbonwattəntaduďuktəwə,wigorɔntɪæktθɪndɪdðəridukðoʊ,0.21601382488479265,/home/kesha/dev/uni/kursach/refs/asr/new_audio/2381.wav,evn
515,"Maqniwqtikarmaqniwqilyewandayambanhmaqniwqsolotǣritalyebi,ti",mɪnjujugɑtəmaɪnjudujuwɔnttɪjæmpətðəmənifərθeɪɛzðətlivɪʃi,0.2438172043010753,/home/kesha/dev/uni/kursach/refs/asr/new_audio/515.wav,yrk
3144,odolboltonoəməďəm,rɔrðəwɔtərðawɪθju,0.24478178368121442,/home/kesha/dev/uni/kursach/refs/asr/new_audio/3144.wav,evn
2547,talāŋənə mdā̄,ðeɪlakmənəmtə,0.3225806451612903,/home/kesha/dev/uni/kursach/refs/asr/new_audio/2547.wav,evn
3207,gunən,wlnət,0.15161290322580648,/home/kesha/dev/uni/kursach/refs/asr/new_audio/3207.wav,evn
621,tikipǣwdyumhnǣkălŋaanihmaqniwq,ʃikʊdpeɪdɪmnɛvərlænɪmmnm,0.3301075268817204,/home/kesha/dev/uni/kursach/refs/asr/new_audio/621.wav,yrk
899,Muŋgoqpyayăbiŋanihsaaltaŋanihloolbatuta,wioʊkeɪhɪnmaɪnoɑndeɪɔnmədəltæ,0.3709677419354839,/home/kesha/dev/uni/kursach/refs/asr/new_audio/899.wav,yrk
2879,huruwkīdə̄opaťaŋitdəgintitdukuliŋna m,hulʊktætðəəθæʧtəndɪtdɪghitɪdðəwʊdɪənðoʊ,0.23986765922249795,/home/kesha/dev/uni/kursach/refs/asr/new_audio/2879.wav,evn
2552,amīmtōlībusləlčōbis’ōn,aɪmintartɪdwɪθseʧbion,0.3819354838709677,/home/kesha/dev/uni/kursach/refs/asr/new_audio/2552.wav,evn
1722,Tikiǣǣhtuanyanaaya?,jugothændbuvɪŋɪnðətəgɪ,0.3497067448680352,/home/kesha/dev/uni/kursach/refs/asr/new_audio/1722.wav,yrk
2858,ətəjəśimńībisān,bətθezsinibisən,0.4258064516129032,/home/kesha/dev/uni/kursach/refs/asr/new_audio/2858.wav,evn
2319,təγətčəkonəmjūrən,ðəwɪθoʊrgarnumjuoʊdɪn,0.3525345622119816,/home/kesha/dev/uni/kursach/refs/asr/new_audio/2319.wav,evn
2301,minəalaguŋkīn,minaɪʊaɪvwɔkɪŋ,0.24308755760368664,/home/kesha/dev/uni/kursach/refs/asr/new_audio/2301.wav,evn
558,Wadinimaqniwtikipuda[nyeracbortʃiwo]wadyetidaqmaq,ɪfjumuvdwɪtɔlðəɪnlakɪn,0.5944700460829494,/home/kesha/dev/uni/kursach/refs/asr/new_audio/558.wav,yrk
2015,imōtītkōnaŋirən,ðeɪmotɪdgrəntɪŋir,0.38235294117647056,/home/kesha/dev/uni/kursach/refs/asr/new_audio/2015.wav,evn
2629,rasačinńiulləńiolloačin,əesseranjuwolerɪnjuolaɪtɪd,0.30707196029776673,/home/kesha/dev/uni/kursach/refs/asr/new_audio/2629.wav,evn
413,Tăsiynyeŋāwkamdatunhpăradambida,dɪhifjnaʊkəmtidudəntbəðərðɛnbiðæt,0.33773216031280545,/home/kesha/dev/uni/kursach/refs/asr/new_audio/413.wav,yrk
1952,naqameeknəwitʔəteɬpəqin,nɑtɔnðəɛɪknəwitətɪʃtætɪm,0.19556451612903225,/home/kesha/dev/uni/kursach/refs/asr/new_audio/1952.wav,ckt
468,Maqniwqyaahtyuquqnyayunamaqmaniwqŋămgǣrihtoqǒlamaqniwqyesyaqmaănayuǔnayuŋgudima.,wənhuheɪntjuhəndrurneɪmðəmənieɪndəlanmaɪesmaɪnijuiwoʊwɪθɪm,0.3900472069236821,/home/kesha/dev/uni/kursach/refs/asr/new_audio/468.wav,yrk
227,"sidnaqmǣn'tǣwra""",sɛndðəwɪndbɪldrɪt,0.381404174573055,/home/kesha/dev/uni/kursach/refs/asr/new_audio/227.wav,yrk
2270,minnunhuruldiďəŋə̄səhīkokōn,ɪndunuəvitɪŋarθeɪkɔfən,0.32497013142174436,/home/kesha/dev/uni/kursach/refs/asr/new_audio/2270.wav,evn
405,tyukumanʹancyerhilyedmhtyedah.,twɔrməðətərilɑkt,0.5134408602150538,/home/kesha/dev/uni/kursach/refs/asr/new_audio/405.wav,yrk
1095,almyerqliqŋulihŋarandaŋulihtikaănaŋaq,aɪɪrnootmaɪndtliətəmaɪ,0.45379250217959893,/home/kesha/dev/uni/kursach/refs/asr/new_audio/1095.wav,yrk
1646,Murtikaawamiudqtawnawtahmyaqniңuq.,wʊdðɪtgaɪweɪnuhuðətðawɪnoʊðanænum,0.2656546489563567,/home/kesha/dev/uni/kursach/refs/asr/new_audio/1646.wav,yrk
2036,ŋinakinmarhaŋīskāt,inɪkɪnwɛdhaindiskət,0.27674023769100176,/home/kesha/dev/uni/kursach/refs/asr/new_audio/2036.wav,evn
1023,pidărwidărăbqnandyoŋgămdsăpăŋguw».,wəərwɪθənonækhiɔfəntəktəbəl,0.37049335863377614,/home/kesha/dev/uni/kursach/refs/asr/new_audio/1023.wav,yrk
2423,hələhururəwhururəwŋəlifśijojŋəlifśi,əlohʊdodohʊdodərwlɪfsejaoɪfsɛd,0.21751152073732716,/home/kesha/dev/uni/kursach/refs/asr/new_audio/2423.wav,evn
1752,Manʹobcowmanqmaqpuucyahpiyaalworta,mɛniwelgoʊmaɪnɪmopujulbiəhaɪwodænt,0.2746679316888046,/home/kesha/dev/uni/kursach/refs/asr/new_audio/1752.wav,yrk
838,"Tyey,Muŋgoqpyayabilaănăkomhnidawhpilibthaqnaqnidawh",iroʊkoʊpeɪedəlɑrmdətwəidaʊthidɪdtɪfaɪndənniʊ,0.3089816571790006,/home/kesha/dev/uni/kursach/refs/asr/new_audio/838.wav,yrk
2554,buśōndiγinklastūučitŋahīdūw,wisʃɔdɪnʤinklæstɪmʧitɪŋəzhidu,0.33648498331479426,/home/kesha/dev/uni/kursach/refs/asr/new_audio/2554.wav,evn
3012,əproduktakarwihuruwupkī,bətlʊkttɪgaɪdætmihroʊphi,0.23588709677419353,/home/kesha/dev/uni/kursach/refs/asr/new_audio/3012.wav,evn
2824,mənmaktəlirgəktəlororwokəkikčafkīl,maɪməftələɪzgotɔhoʊl,0.47390891840607224,/home/kesha/dev/uni/kursach/refs/asr/new_audio/2824.wav,evn
2317,tarahīhimulā,ðətarhijumuvə,0.27419354838709675,/home/kesha/dev/uni/kursach/refs/asr/new_audio/2317.wav,evn
119,Tăkadpǣwsyumyanyanaŋăniqtiqtoq,ðɛrɪsɪŋəntəniutəbə,0.4731182795698926,/home/kesha/dev/uni/kursach/refs/asr/new_audio/119.wav,yrk
2156,hukśildalinuďawatɨniśəso,woʊksidəɪnnɔrɔraətsɪnɪθɪsiə,0.32138590203106326,/home/kesha/dev/uni/kursach/refs/asr/new_audio/2156.wav,evn
1045,Syudbyandaŋilhyalăndohtudopǣrŋa,ruðenənmouvaoʊtəəllæb,0.42611862643080123,/home/kesha/dev/uni/kursach/refs/asr/new_audio/1045.wav,yrk
1429,Nyabiwarimyakădnidawhmoyopyuh,ɛvriwɪnekənidowɔntɪdtɪ,0.3487208008898777,/home/kesha/dev/uni/kursach/refs/asr/new_audio/1429.wav,yrk
1764,enarkeənenɣətkaɬɣəqaj,ðerdiɛnɛnɪdgrəʃpək,0.25422427035330264,/home/kesha/dev/uni/kursach/refs/asr/new_audio/1764.wav,ckt
863,Muŋgoqpyayabirŋanihŋǣwadi,wʊdðeɪhæddənaɪdəneɪwʊði,0.2935483870967742,/home/kesha/dev/uni/kursach/refs/asr/new_audio/863.wav,yrk
233,"nyana""ma""ni""im'tyuku""",nəknənðərmaɪlizbut,0.3740399385560676,/home/kesha/dev/uni/kursach/refs/asr/new_audio/233.wav,yrk
1391,unyananumhyalǣmdaki,wiɛnəmoʊmiətɪndɛtər,0.2707979626485569,/home/kesha/dev/uni/kursach/refs/asr/new_audio/1391.wav,yrk
1959,ətɬonmikəneʔaɬajoranʔeɬerəɬɣetiwərkənin?,ornmiknɛrarteɪotrðəthihædəʃɪtsʤoʊk,0.2907258064516129,/home/kesha/dev/uni/kursach/refs/asr/new_audio/1959.wav,ckt
1071,nyenǣcyahŋămcaawyathŋăwărwuniŋaq»,ʤɪmhətidtɪw,0.7008797653958944,/home/kesha/dev/uni/kursach/refs/asr/new_audio/1071.wav,yrk
826,portyewtyukumǣmdih.,poʊsetonts,0.5135823429541596,/home/kesha/dev/uni/kursach/refs/asr/new_audio/826.wav,yrk
685,adăkoyedohpănǣmdasyera,aəɔɪjuoʊtənənɪndijɛta,0.3086510263929619,/home/kesha/dev/uni/kursach/refs/asr/new_audio/685.wav,yrk
1255,tikipăsihnyupuucyaqyadaŋanihonărawih.,akʊdbəthomwɪθjuætðtanown,0.4363557105492588,/home/kesha/dev/uni/kursach/refs/asr/new_audio/1255.wav,yrk
1214,Muŋgohpyayăbi,okleoi,0.5831265508684863,/home/kesha/dev/uni/kursach/refs/asr/new_audio/1214.wav,yrk
1240,Tiŋămgǣadkǣdiqŋămgǣq?,ioʊgi,0.7788018433179724,/home/kesha/dev/uni/kursach/refs/asr/new_audio/1240.wav,yrk
2237,uldəŋiltɨnlokusaďafkīltulīlō,wʊddəitinnoʊkesðətjoitɪlilɔf,0.30184331797235026,/home/kesha/dev/uni/kursach/refs/asr/new_audio/2237.wav,evn
2398,tarkiŋgitguśo,ðəkɪŋdɪdgrusoʊ,0.32488479262672815,/home/kesha/dev/uni/kursach/refs/asr/new_audio/2398.wav,evn
2969,əhīkonīlakanōda,ipɔɪntɪdjuləksɔnolðdɛrs,0.4901823281907433,/home/kesha/dev/uni/kursach/refs/asr/new_audio/2969.wav,evn
3203,oronmowārə ,ɔrtərooʊldwei,0.34863523573200994,/home/kesha/dev/uni/kursach/refs/asr/new_audio/3203.wav,evn
2264,atirkānumukinəmənmusə,ðergaəlʊkɪnðəmonəsaɪd,0.25422427035330264,/home/kesha/dev/uni/kursach/refs/asr/new_audio/2264.wav,evn
3162,oəhīťipertəpkəldə ,ooldərjitɪbɪktopoe,0.3100358422939068,/home/kesha/dev/uni/kursach/refs/asr/new_audio/3162.wav,evn
2494,tarďugan’bolosolānəmərə ərəgəritəlā,duwenbowasɔəɔnðəmouərtərðəthikɪdlɑ,0.32995391705069127,/home/kesha/dev/uni/kursach/refs/asr/new_audio/2494.wav,evn
2974,tadukhururәw,dəndukhʊdərrɪl,0.25345622119815664,/home/kesha/dev/uni/kursach/refs/asr/new_audio/2974.wav,evn
2749,nəŋəďəďənnəbuɲī[n]dūtɨn,nɛvərðɪsdɪdənthivbɔrɪŋjukʊddɪdənt,0.44721407624633436,/home/kesha/dev/uni/kursach/refs/asr/new_audio/2749.wav,evn
2525,ahaldaə̄nəhawalďafkīl,aɪndeɪdhaʊəngoʊthi,0.23655913978494625,/home/kesha/dev/uni/kursach/refs/asr/new_audio/2525.wav,evn
114,"Praktikantatǣrisircyǎtitiki,yekar,ŋămgǣǣnaawămdasyaaqmănǣqŋada.",ðəpɔtɪsʧikʊdəntgɪtəsusuθivɪʃiojukʊdəntgɪthoʊmtɪʃɛlmɛnilɛðər,0.3387096774193548,/home/kesha/dev/uni/kursach/refs/asr/new_audio/114.wav,yrk
1935,itəkʔəmɬʔeɬeŋkəŋenəjaɬɣənmore,hiθʊkəməvðətdɛəiglrðəaɪskɪtnɔd,0.2672043010752688,/home/kesha/dev/uni/kursach/refs/asr/new_audio/1935.wav,ckt
2283,gələ̄ktəďəkəlgirkījəji,rɪmɑrkðətjukənhɪkɪjui,0.22800586510263932,/home/kesha/dev/uni/kursach/refs/asr/new_audio/2283.wav,evn
1390,Tikiyaănamaqniwqonawaanawadayǎŋgoya,jubjuɪtərmaɪtɪwəndrwəndərwaɪðeɪjuərwɔɪjɛ,0.31250000000000006,/home/kesha/dev/uni/kursach/refs/asr/new_audio/1390.wav,yrk
1122,Mănʹpăŋgălmǣmisitmanoŋgadmh»,aɪmərðəehihɪtəmeengræ,0.3726958525345623,/home/kesha/dev/uni/kursach/refs/asr/new_audio/1122.wav,yrk
918,nikidŋǣwiŋǣbtumh–,jukrɪtəreɪtwɪllæfto,0.39049235993208825,/home/kesha/dev/uni/kursach/refs/asr/new_audio/918.wav,yrk
1889,rəpɣəpɣewninniniwqin,dɪfpopwinənjeoh,0.32661290322580644,/home/kesha/dev/uni/kursach/refs/asr/new_audio/1889.wav,ckt
1290,"mǣyaahnyahlǣbtăŋgo,",ɔjɛnjulətɪwə,0.4966044142614601,/home/kesha/dev/uni/kursach/refs/asr/new_audio/1290.wav,yrk
350,Tăryemhsirŋanyerăndanyanayahoyhninyaŋobhsyurămbăda.,ðəɪnvidməniəntɪŋhənijəŋbɔɪlinoʊɔlweɪzhʊdombaɪðət,0.3102466793168881,/home/kesha/dev/uni/kursach/refs/asr/new_audio/350.wav,yrk
825,"tyedawǣyncyer-yuwmǣw,",ueɪtænrəl,0.6175115207373272,/home/kesha/dev/uni/kursach/refs/asr/new_audio/825.wav,yrk
2856,tugdaəhīkōnwnukilwibirə ,ðədəgeɪkɔnðətbətwinoʊkɪlərbɪtɪt,0.3631633714880333,/home/kesha/dev/uni/kursach/refs/asr/new_audio/2856.wav,evn
2771,atarəəďīγūlarčaptɨkīnuŋardulātɨnora ,aɪðdhædjuwʊastɛptɪkɪnarbɔθɪmɔrdər,0.31182795698924737,/home/kesha/dev/uni/kursach/refs/asr/new_audio/2771.wav,evn
1267,"«Wǣy,mi,tikinityukuŋǣdaki",trɪʧvɔɪzspi,0.6432258064516128,/home/kesha/dev/uni/kursach/refs/asr/new_audio/1267.wav,yrk
2131,ədukətə ndətuŋńəkəďəmī,oʊðəwətðɛndɪddonjugaɪdɪrmi,0.32692307692307687,/home/kesha/dev/uni/kursach/refs/asr/new_audio/2131.wav,evn
343,"Tănyah,tănyahmiŋadmh»",ɪepənanəðər,0.5284178187403994,/home/kesha/dev/uni/kursach/refs/asr/new_audio/343.wav,yrk
1967,kəmʔəruɬtənkəmʔəteɣənkəmɣətsitɣʔetmimɬəteɣnək,rəmadhoʊstɪmikəməʤnrəmðətiketnimzɪn,0.3168458781362008,/home/kesha/dev/uni/kursach/refs/asr/new_audio/1967.wav,ckt
444,"Tădawa,tadyadălmanimanʹmayandortiodǣmh.",dəzaʊɔθeimenəmənihævneɪmegohaθɪn,0.3134822167080232,/home/kesha/dev/uni/kursach/refs/asr/new_audio/444.wav,yrk
2818,kəətəmjaŋuďami,rðɛmjuəngwritɪŋ,0.28817204301075267,/home/kesha/dev/uni/kursach/refs/asr/new_audio/2818.wav,evn
1789,samanərʔiɬeqinet,səmwənnɑtəizliæktərhiɛnt,0.3870967741935483,/home/kesha/dev/uni/kursach/refs/asr/new_audio/1789.wav,ckt
3008,gədūanŋanīdūškolalāhurud’əŋōn,gɪʤənwɪnjuduskulɔlðəhoʊlðəgɪnər,0.3668054110301769,/home/kesha/dev/uni/kursach/refs/asr/new_audio/3008.wav,evn
1692,LorcǣyLorcǣy!,lordɪðeɪɪlortəfit,0.3899430740037951,/home/kesha/dev/uni/kursach/refs/asr/new_audio/1692.wav,yrk
1632,maqniwq:“Sitadaңgudmh.q,maɪnoʊhɪtðəhɑrdənkwrd,0.3274894810659187,/home/kesha/dev/uni/kursach/refs/asr/new_audio/1632.wav,yrk
1167,Taslaăyaŋobhyootah,baslaɪjəŋwoɔpiwən,0.21953405017921146,/home/kesha/dev/uni/kursach/refs/asr/new_audio/1167.wav,yrk
1962,wəneŋanfurmanowəna,ðizərtəfʊtəvmaɪɔrd,0.2186379928315412,/home/kesha/dev/uni/kursach/refs/asr/new_audio/1962.wav,ckt
2937,taratəulgučōni m,ðəlaɪtðɛrwɪlwɪkɔn,0.3225806451612903,/home/kesha/dev/uni/kursach/refs/asr/new_audio/2937.wav,evn
827,Tinyǎqămadasihparkăsyadaŋăcyekimh,jujʊrməðərhettɪgoʊwɪθəraɪtwɔʧθɪnətɪkən,0.34550084889643456,/home/kesha/dev/uni/kursach/refs/asr/new_audio/827.wav,yrk
2448,əńijānunluhugirkūďaŋkīfhujukūnbiŋəhijiahatkanbiŋəhiji,əmiərnondogetwɪθjænkifriwundɪŋəiaʊtstændɪŋəi,0.2805842970176506,/home/kesha/dev/uni/kursach/refs/asr/new_audio/2448.wav,evn
2784,tamtapal’esuiďošužəznajəškuda,ænθəpraɪfɪdiʤozɛznisðə,0.3348164627363738,/home/kesha/dev/uni/kursach/refs/asr/new_audio/2784.wav,evn
2141,uγiskīmikčānəfkī,wəlwɪθgɪvmeɪkdaʊtɪnəfkid,0.4858870967741935,/home/kesha/dev/uni/kursach/refs/asr/new_audio/2141.wav,evn
1748,Simcimyadhmyuytiiyudasidya,ʃiɪnfudðəmɪgbrənætəmitihihuzeɪʃətɪ,0.33918406072106266,/home/kesha/dev/uni/kursach/refs/asr/new_audio/1748.wav,yrk
1322,Timyakandaayaanihtădawa,ihædnɛvərdaɪæɪnɪndðəhoʊ,0.25245441795231416,/home/kesha/dev/uni/kursach/refs/asr/new_audio/1322.wav,yrk
2732,dunnəmabargidādukəməďəčōw,duətnoʊməvbəgtɪvætoʊkənwɪtɪɛl,0.2725250278086763,/home/kesha/dev/uni/kursach/refs/asr/new_audio/2732.wav,evn
2915,mōlkəčəwuli m,motkotjudi,0.2890818858560794,/home/kesha/dev/uni/kursach/refs/asr/new_audio/2915.wav,evn
1132,"«Yuqtibyamhnibqnandpirasqmatyukumaqniwqyesyasălandyedhtiaŋgun,maqniwq",maɪhutɪðəmhævmnəntɪɪsməʧərwənishɪzoʊbɪdmənɪʤɪŋwənməni,0.3422159887798037,/home/kesha/dev/uni/kursach/refs/asr/new_audio/1132.wav,yrk
1175,"syudbyaqyaqdasoomyatanyohsintǣwotăŋotădăwnyambor.
",ihʊdðeɪɪzəfʊləvnəθɪŋɛlsinðeɪwʊdtɪmɔθəphoʊmapər,0.28645161290322585,/home/kesha/dev/uni/kursach/refs/asr/new_audio/1175.wav,yrk
200,"Tadkadtitayambuwamǣ""ma""adana""tyew'pirŋǣbtaw'tiki,",bətgətutaɪætwəəməðərnioʊntkʊdɪnəfdoʧik,0.3317972350230415,/home/kesha/dev/uni/kursach/refs/asr/new_audio/200.wav,yrk
2157,həŋəlifśipčuhəgdikōkun,bətrɪliθiksjɪhʊgðəkrɔkwən,0.30451612903225805,/home/kesha/dev/uni/kursach/refs/asr/new_audio/2157.wav,evn
397,tarcyaabcyǎŋgănaaŋguliwh,dɪziokələnthənkər,0.4245161290322581,/home/kesha/dev/uni/kursach/refs/asr/new_audio/397.wav,yrk
82,"tikiabcyangawtărcyaŋǣwisʹ,mănʹărqnisǣwaqnanimanǣsqnisawawh",juʊrhəmʧɪŋlɛtðəsʃuzwɪnhaʊdujuseɛnəmənɛzhisol,0.38765294771968867,/home/kesha/dev/uni/kursach/refs/asr/new_audio/82.wav,yrk
681,Tahmalănanyudyaăbirŋobhnyaătatatarănadaniwŋaqadăanandaadăananda,ðəməlɔueɪtəngtəpðətatnaɪjuwɪhævɪnðətplatəvɪt,0.4009216589861751,/home/kesha/dev/uni/kursach/refs/asr/new_audio/681.wav,yrk
2896,oŋkoďoro ,aɪmkwɪkjodər,0.353494623655914,/home/kesha/dev/uni/kursach/refs/asr/new_audio/2896.wav,evn
3060,biədūkaKrasnojarskədūbičōw,edokrtkæsðəðəæ,0.4944168734491316,/home/kesha/dev/uni/kursach/refs/asr/new_audio/3060.wav,evn
1902,wenɬəɣiʔəmqoɬniwqinwenɬəɣiininiwqin,rɛntiərkətɪŋoʊpəwinfifjunijoʊpɪn,0.21520737327188943,/home/kesha/dev/uni/kursach/refs/asr/new_audio/1902.wav,ckt
146,"Tăkata""ălʹnamadmamǣŋgu""",gətðərimnbninkt,0.46844319775596077,/home/kesha/dev/uni/kursach/refs/asr/new_audio/146.wav,yrk
1760,etʔəmmənəɣətənatmənriwɬənet,eɪtomənuzdudnɑtminɪndiwɪsɪnhɪt,0.24193548387096772,/home/kesha/dev/uni/kursach/refs/asr/new_audio/1760.wav,ckt
1161,Ŋămgǣridasyer-ayayembaqăyq,ðəkesæpɪlampən,0.5161290322580645,/home/kesha/dev/uni/kursach/refs/asr/new_audio/1161.wav,yrk
545,Tikarmaqniwqilyewandayambanhmaqniwq,hikɔtəmnigoeɪnðəjəwənəməne,0.32949308755760376,/home/kesha/dev/uni/kursach/refs/asr/new_audio/545.wav,yrk
1107,"yoowiŋămgǣrimh,",rɔeiaiwɪngədə,0.3365591397849462,/home/kesha/dev/uni/kursach/refs/asr/new_audio/1107.wav,yrk
1617,abiiyutapoyoq...,hævigɪttɪpɔɪoʊt,0.3598790322580645,/home/kesha/dev/uni/kursach/refs/asr/new_audio/1617.wav,yrk
358,syudǣndapoŋgănapaddatikipiidămdasoyabalăbtortaŋǣwi,ikʊdɪntəbrokənəraɪvətukʊdwudðəweɪhireləptɔtəli,0.26419354838709685,/home/kesha/dev/uni/kursach/refs/asr/new_audio/358.wav,yrk
347,tikiyadaubtăwa,ɛthiɛvərdanɔp,0.3617511520737327,/home/kesha/dev/uni/kursach/refs/asr/new_audio/347.wav,yrk
2565,tərəŋnəkōrwənuŋardulātintasťasāwunohotnikildūbuttotinbultāmnil'dū,edɪŋnəkwɑdoʊnɔrəðəlaθəntəststɪsaʊɔnəhɔrθtəkiɪðəwʊttantɪŋwʊdtta,0.24291300097751709,/home/kesha/dev/uni/kursach/refs/asr/new_audio/2565.wav,evn
1717,Tikioqryeqǣanyanaaya?,igrourɛdiəndgɛni,0.3609831029185868,/home/kesha/dev/uni/kursach/refs/asr/new_audio/1717.wav,yrk
316,"]WnicowʹyaPyelyadki,da?",ɪnzoʊtɪfpɪtiæksɪɪdðət,0.3681626928471248,/home/kesha/dev/uni/kursach/refs/asr/new_audio/316.wav,yrk
2424,əkīntindaəkīntinmirə̄nən,oʊkɪnθɪnbitərnən,0.3991935483870967,/home/kesha/dev/uni/kursach/refs/asr/new_audio/2424.wav,evn
2075,hajalətālāŋinakirgošajadū,əjæltðəlnənɛkdgoʊsejɛtɪn,0.31548387096774194,/home/kesha/dev/uni/kursach/refs/asr/new_audio/2075.wav,evn
1160,"ŋobhŋămgǣqyaqmi,urkaŋǣbta?»",əəeitprett,0.6600955794504181,/home/kesha/dev/uni/kursach/refs/asr/new_audio/1160.wav,yrk
1315,Ŋămcaăndatyebbăqnandamaqniwqan».,əntgɪtɪntɪmənihaɪ,0.5201612903225807,/home/kesha/dev/uni/kursach/refs/asr/new_audio/1315.wav,yrk
2427,amīhəhəniŋkīntarə,imihodninkɪntætə,0.2836812144212524,/home/kesha/dev/uni/kursach/refs/asr/new_audio/2427.wav,evn
3208,ēlāətoēlābəjəodantə̄,eɪlætðəɪləʤəntwiɔdʤənt,0.42375366568914963,/home/kesha/dev/uni/kursach/refs/asr/new_audio/3208.wav,evn
1884,puurʔutətaŋəntəjaatənʔaneɬoɣərɣən,brtərdɪtərmentiaənɔnhɪzoʊlerii,0.24242424242424243,/home/kesha/dev/uni/kursach/refs/asr/new_audio/1884.wav,ckt
2646,tariləgunili m,ðəthilʊkɔɪniθɪnŋ,0.24697580645161288,/home/kesha/dev/uni/kursach/refs/asr/new_audio/2646.wav,evn
623,maqniwqpumnanihnidawhmoh,maɪotbəmɪlierət,0.4173387096774193,/home/kesha/dev/uni/kursach/refs/asr/new_audio/623.wav,yrk
638,"Ti,tundaǣwadnyetǣrityuquqsănăyeq",tɪmtɪhævwətðiɪdvɛkʧərzsɪnəiət,0.3397177419354839,/home/kesha/dev/uni/kursach/refs/asr/new_audio/638.wav,yrk
3200,bəjəltugtugdōora ,bɔɪoʊzʤulʤuldðoʊɔtər,0.29435483870967744,/home/kesha/dev/uni/kursach/refs/asr/new_audio/3200.wav,evn
3117,akīmužəharhagdiodan,rakɪmðoʊzəpaɪhagðiɔrdnə,0.27840112201963535,/home/kesha/dev/uni/kursach/refs/asr/new_audio/3117.wav,evn
1630,Nyabakodatuhsidyaǣwuwnanyorakuqlada.,aɪɪkwɪtðəduɪzjukɪhipwundɪŋjʊrɪtərkwəllɛðəŋ,0.2964669738863287,/home/kesha/dev/uni/kursach/refs/asr/new_audio/1630.wav,yrk
1323,syudbyawǣsăkohnyenyunhmaqniwq:«Mănʹmyakniandadmh»,ʃiweɪzhwɪŋɪŋɪnwaɪnəliməpənæd,0.5016458196181699,/home/kesha/dev/uni/kursach/refs/asr/new_audio/1323.wav,yrk
1989,tožənukanikulilwunhajaləbiŋkītin,doikerðəbɪngwoɪnhæbətɪd,0.373991935483871,/home/kesha/dev/uni/kursach/refs/asr/new_audio/1989.wav,evn
897,Timisalăbamyunandaŋǣwaki»,hesəkaɪnkɪlə,0.5690322580645162,/home/kesha/dev/uni/kursach/refs/asr/new_audio/897.wav,yrk
1855,tənintəsqiwnetŋoonrekaarasəkojpə,tɪliɪttɪstɛrənɛtkɔwəndeɪðəgɑrdəsɪkwɪpw,0.2241086587436333,/home/kesha/dev/uni/kursach/refs/asr/new_audio/1855.wav,ckt
2837,turuhanskəduktselyjaŋanīwəəmədəfkīŋəkəndəlā,duəlæsðədɪtilðəənɛnioɔrwiuɪn,0.40772693173293323,/home/kesha/dev/uni/kursach/refs/asr/new_audio/2837.wav,evn
2226,dundəlīətōndəgirkura,dunbɪlətənðeɪgɪtkʊɪtər,0.30425219941348974,/home/kesha/dev/uni/kursach/refs/asr/new_audio/2226.wav,evn
2442,tādukmōlbamōlālifkī,əðərmoʊlwomoleivti,0.4066213921901528,/home/kesha/dev/uni/kursach/refs/asr/new_audio/2442.wav,evn
2936,aŋikākunkamendantkrimlabičōn,həŋjukkwonɑtkəmɪndəntklɪmlæbbɪsʃɔn,0.25569259962049334,/home/kesha/dev/uni/kursach/refs/asr/new_audio/2936.wav,evn
59,"Maqnyu"":""Tărcyayadyembădăăna",maɪnɪŋeɪzɪtjɛtɪtwəənti,0.3917050691244239,/home/kesha/dev/uni/kursach/refs/asr/new_audio/59.wav,yrk
2790,irabičәndaačinoča,jʊdhævbɪtəndðəaɪsiloʊʧə,0.35133239831697055,/home/kesha/dev/uni/kursach/refs/asr/new_audio/2790.wav,evn
284,"Timancaranidatanyawiqŋǣqniqimq,",ʃiʊdwənthædaɪgestɪduɑrnɪʤɪŋ,0.2752341311134235,/home/kesha/dev/uni/kursach/refs/asr/new_audio/284.wav,yrk
1236,Piyayarăkondmaqniwqmǣdasoohsidyayaduwnamaqniwqsidyayutyekădamăntircʹǣbyanondih.,wijarwemenɪŋŋwɪθɛfoɪsikihipwənaeiitɪprɪmnheɪttɛəmənts,0.41547570436913034,/home/kesha/dev/uni/kursach/refs/asr/new_audio/1236.wav,yrk
308,Mandaraacyaqnyoqponhilye,məntəlæʧɪŋəpɔɪntəgɪi,0.2634408602150538,/home/kesha/dev/uni/kursach/refs/asr/new_audio/308.wav,yrk
854,Ŋămgǣsidyambonihtyedananih?»,okeɪsədubrənsɪnnetɪd,0.3646313364055301,/home/kesha/dev/uni/kursach/refs/asr/new_audio/854.wav,yrk
1166,tyeǣsoomyakănda.,ahɔrnnæpætðət,0.4122983870967742,/home/kesha/dev/uni/kursach/refs/asr/new_audio/1166.wav,yrk
1439,Wihtyerilyenyanyenǣcyaŋǣnirawinyoqanʹh,ebinkɪtinkɪnətgɪtərioklan,0.41808149405772504,/home/kesha/dev/uni/kursach/refs/asr/new_audio/1439.wav,yrk
1881,wenɬəɣimətekwenməkʔəm,venmstekenməkəm,0.3248847926267281,/home/kesha/dev/uni/kursach/refs/asr/new_audio/1881.wav,ckt
2464,nəkuninbiśōntarəjəgorvasiljəvič,oʊpɪnnbɪθhəndtəʤɪtɪtjuɔrdərəsiljuɪʧ,0.3119815668202765,/home/kesha/dev/uni/kursach/refs/asr/new_audio/2464.wav,evn
2788,iәnәkurwid’urahatkarwarwaraikat’a,noʊkwɪnwiʤəlaɪhaɪsgɑtəwɔtərwɔtərjuvkræʧɪt,0.3961447678992919,/home/kesha/dev/uni/kursach/refs/asr/new_audio/2788.wav,evn
2618,aśītarikōďəďən,aɪsθitdətətɪkwɔɪətigki,0.5315249266862171,/home/kesha/dev/uni/kursach/refs/asr/new_audio/2618.wav,evn
553,Tiwǣwamaqniwqtaryemh,ʧiðeɪwərmeɪŋkɪŋ,0.36774193548387096,/home/kesha/dev/uni/kursach/refs/asr/new_audio/553.wav,yrk
1726,Tikiyaranyanaaya?,ukuditərɪmjannɪdi,0.2827324478178368,/home/kesha/dev/uni/kursach/refs/asr/new_audio/1726.wav,yrk
2014,nuəčeŋolotčerəmōtītkōn,nɔrwɑzjoʊmɑlɪkʧutərɪnðəwntɪdg,0.36318131256952174,/home/kesha/dev/uni/kursach/refs/asr/new_audio/2014.wav,evn
1332,Siqiwyurhuryodahǣŋgă̌rimhmǣqŋaq.,juwɪljuurəgʊdəvðəthəmblɪŋwəmər,0.31502016129032256,/home/kesha/dev/uni/kursach/refs/asr/new_audio/1332.wav,yrk
1207,Piyadamaqniwqnyaŋǣdyamaqniwqyumbăradsyedahŋar,iðərməniərnidmaɪniɪnŋwətersjɛtəɑrt,0.3623655913978494,/home/kesha/dev/uni/kursach/refs/asr/new_audio/1207.wav,yrk
963,[nyeracbortʃiwo],aɑlaɪkgɪttwuts,0.3528225806451613,/home/kesha/dev/uni/kursach/refs/asr/new_audio/963.wav,yrk
2446,hōhəgdīhawatarpowarďakīt,ərhʊukʊddɪhaʊlɑʧætəpoʊɔndɛki,0.3139400921658986,/home/kesha/dev/uni/kursach/refs/asr/new_audio/2446.wav,evn
132,timălyesyanaw,ʃipʊtmɪlɪsɔnhoʊl,0.37701612903225806,/home/kesha/dev/uni/kursach/refs/asr/new_audio/132.wav,yrk
502,tarcyaŋǣŋgobqnandohtădnyernyahwǣbărkaq,dɪzʃiowoməndɪɪmiliəntroəkəp,0.3904923599320883,/home/kesha/dev/uni/kursach/refs/asr/new_audio/502.wav,yrk
2005,əməəmərəwbūtarguluwundulāwər,əmɔrəmoʊtoʊbtsərgʊlwɪnbilaʊdə,0.26918798665183535,/home/kesha/dev/uni/kursach/refs/asr/new_audio/2005.wav,evn
263,[...]Ti,ʃiɔlwɑzlʊkɪŋmɛnliætrtit,0.9130434782608695,/home/kesha/dev/uni/kursach/refs/asr/new_audio/263.wav,yrk
2894,tolgokīlbimńinbiďərə ,dɪlʊkəpkjumɪndunidbigɪtər,0.33483870967741935,/home/kesha/dev/uni/kursach/refs/asr/new_audio/2894.wav,evn
847,adădataāŋaruwnapuucyaŋǣăya,ðəlaʊɪnðəwʊdgɪtmaɪhæi,0.3715880893300248,/home/kesha/dev/uni/kursach/refs/asr/new_audio/847.wav,yrk
