Unnamed: 0,transcription,recognized,phonetic_ev,new_path,lang,mos_pred
937,"Ti,Muŋgoqpyayăbilaănăkomhnidawhanowh.",wɪθoʊbərtreɪhɛvihərtwɪnwigoʊthəŋgəld,0.3221447253705318,/home/kesha/dev/uni/kursach/refs/asr/new_audio/937.wav,yrk,1.9103164672851562
867,Nyewiirinatatikimuŋgohyesyaq,jʊrrwɪgiɪməpæʧəbɪwoʊfəljɛsjɛt,0.2041156840934371,/home/kesha/dev/uni/kursach/refs/asr/new_audio/867.wav,yrk,1.7459547519683838
2607,ďūjahawalďapkīl,ʤuioʊhaʊwəngɪpfid,0.3671726755218216,/home/kesha/dev/uni/kursach/refs/asr/new_audio/2607.wav,evn,2.6699929237365723
2271,atirkānŋəlitnəitigāmalčarandā,əθɪkatnɔrlɪʧnɔɪzdðəgoʊmasketəndæk,0.3191593352883676,/home/kesha/dev/uni/kursach/refs/asr/new_audio/2271.wav,evn,2.9857122898101807
2671,śīswatojbiśinnə,səntɛzʃiʃirɪθɔɪbitɪdɪnlɪk,0.5619354838709678,/home/kesha/dev/uni/kursach/refs/asr/new_audio/2671.wav,evn,2.774585485458374
548,ăbtyumanyundasinyancinhŋămyandamalmhmǣŋgudaŋanipunyakuhmǣŋgudatikiŋacyekia,əʤolənpinæhɪtɔnðədmaɪroʊkwɪθənoʊpəlnɪpərɔʤbləhɑ,0.4479075850043592,/home/kesha/dev/uni/kursach/refs/asr/new_audio/548.wav,yrk,2.153635025024414
1157,ŋămgǣhpirkănanisyarnyewonondayudǣqyaqawamda:,ðərɛkəniʃædniŋəndərðədf,0.5274926686217009,/home/kesha/dev/uni/kursach/refs/asr/new_audio/1157.wav,yrk,1.266944169998169
546,tărcyanyetadnyernyahyaŋgobtataramaqniwqyahobahninya,dɪtɪnegɪtsənɪliowəttɪðətɪmaɪjəgobrin,0.3478810879190386,/home/kesha/dev/uni/kursach/refs/asr/new_audio/546.wav,yrk,2.2266945838928223
835,tikiŋăcyekǣrŋarmdaki,iməɪʧgæmɔdəərd,0.4096774193548387,/home/kesha/dev/uni/kursach/refs/asr/new_audio/835.wav,yrk,1.1616322994232178
3166,tōlībihulukūnbisōf,doʊntubihuɪlwʊntbisoʊ,0.380184331797235,/home/kesha/dev/uni/kursach/refs/asr/new_audio/3166.wav,evn,2.374255895614624
431,"Maqniwqyesyaarw,maqniwq",mənijuhuɔtərməni,0.3856942496493689,/home/kesha/dev/uni/kursach/refs/asr/new_audio/431.wav,yrk,2.0307912826538086
378,"ayeradhparyeŋodaărtatyenyewa,maqniwq",əhaɪɪtɪðeɪwɪlhaktɪhitəwʊmən,0.3472222222222222,/home/kesha/dev/uni/kursach/refs/asr/new_audio/378.wav,yrk,1.9778804779052734
1816,nutekqoraɣənretəɬʔənənqen,nutetərhwædənlɪtstənpəŋ,0.2058064516129032,/home/kesha/dev/uni/kursach/refs/asr/new_audio/1816.wav,ckt,2.320129156112671
1710,“Syancyokuniǣwakunilǣtambanqmanʹpoyorcʹandadmh.q,hɛwoumiʧeɪnʤəpunɪdbiərðənbənmenəpjuhævbɪaɪndan,0.3272849462365592,/home/kesha/dev/uni/kursach/refs/asr/new_audio/1710.wav,yrk,2.4168314933776855
2917,tadukkaaŋiran,ðelʊkɔfgərent,0.2431761786600496,/home/kesha/dev/uni/kursach/refs/asr/new_audio/2917.wav,evn,1.468119502067566
2484,ərəgərithəkərgəkonəməməśotarŋinakin,ʊdaɪwʊdətoʊkatəgoʊkartənhomwɪθsəʧəlinnək,0.2951612903225806,/home/kesha/dev/uni/kursach/refs/asr/new_audio/2484.wav,evn,1.7454155683517456
305,"tiqliqanihlyekarqmanǣqyadoh,",tuwilæŋgɪjugətəməniɪzənt,0.288594470046083,/home/kesha/dev/uni/kursach/refs/asr/new_audio/305.wav,yrk,1.9487380981445312
709,Tikinyerhidartawiăbidtǣriŋamdidq,dɪbɪɪləðədɔɪwɪθɪtðəthirontɪd,0.2958669354838709,/home/kesha/dev/uni/kursach/refs/asr/new_audio/709.wav,yrk,1.6333425045013428
1574,ңuliqңamgǣǣrtniwiyaңguq.,wioʊbɛtərðənðəri,0.469758064516129,/home/kesha/dev/uni/kursach/refs/asr/new_audio/1574.wav,yrk,1.8866794109344482
1142,Tyedahmănʹsitmanoŋgadmhtikaăna»,ðæntənʧsjutɪanwɪθgoloʊkɪŋ,0.3522372528616025,/home/kesha/dev/uni/kursach/refs/asr/new_audio/1142.wav,yrk,1.6856633424758911
1563,Ңobhңǣsiqңaqtikinyenǣciyedpyeryenitohnyahtikitohyambanh,waɪnesɪniʧkʊdəntgɪtðəlɪmpɪŋæʧvitriəmfənt,0.3935483870967742,/home/kesha/dev/uni/kursach/refs/asr/new_audio/1563.wav,yrk,1.9164401292800903
2177,tarďəwninnuŋanbiśo,tatəgidnɔɪnbisoʊ,0.2912186379928315,/home/kesha/dev/uni/kursach/refs/asr/new_audio/2177.wav,evn,1.746251106262207
922,Siqiwăbărtamhmănǣqŋadamcʹmaqniwq,hiotrənilɛvəngɪlɪŋ,0.5151209677419354,/home/kesha/dev/uni/kursach/refs/asr/new_audio/922.wav,yrk,2.178342819213867
2935,guniŋkītintarbəjəhagdikānbičōn,wʊjumkɪʧɪntətrodbɔɪəhævðəɪkɑnbɪʧɔn,0.2703984819734346,/home/kesha/dev/uni/kursach/refs/asr/new_audio/2935.wav,evn,3.5820024013519287
2385,hələkomojəmiwəwāwā mə,əlʊkəmɔɪemmurætrani,0.3195084485407066,/home/kesha/dev/uni/kursach/refs/asr/new_audio/2385.wav,evn,2.7704885005950928
2842,kutujəasindūəfkīlbaldirə,kʊdriaɪsindɔrgipreɪntɪd,0.2540322580645161,/home/kesha/dev/uni/kursach/refs/asr/new_audio/2842.wav,evn,3.078267812728882
1960,nrzbqənəɣjiwekwənemikəneənqenaənŋinrətərkənin,kəmætərkənuuoʊkinermikinendklənərəndɪnbɪθɪtɪk,0.221505376344086,/home/kesha/dev/uni/kursach/refs/asr/new_audio/1960.wav,ckt,3.593540906906128
2804,hukitənhəgdɨməmə,hoʊkitərnhəgdʤdɪmob,0.2079796264855687,/home/kesha/dev/uni/kursach/refs/asr/new_audio/2804.wav,evn,2.3358776569366455
1388,Mănʹănmianāanihnyudyercʹanadamaqniwqmăncyawyadaăyadmh,ənhnθəndɪŋrdɪʧhændəəəəʤuliəbæ,0.5268817204301075,/home/kesha/dev/uni/kursach/refs/asr/new_audio/1388.wav,yrk,1.4545867443084717
2572,tadukhujidiγifahatkanŋifd’uγabald’iranWalagərbīśi,ðədukridɪdjuastdaɪtɪŋɪʤuəbəlbdɪdəntraɪləgʊdbiʃi,0.2689269256089532,/home/kesha/dev/uni/kursach/refs/asr/new_audio/2572.wav,evn,2.3928325176239014
2489,amaskītargasirŋinakirbiśol,əməskiʤətəgræfsivnɪŋɪnəkjətɪvwishoʊt,0.367831541218638,/home/kesha/dev/uni/kursach/refs/asr/new_audio/2489.wav,evn,1.84218168258667
295,manyaqtiqnaqaqmaawtakimitakiNoskohnyaŋiǣwarkaanaŋaq,wɪnɪtdɪdnɑtmoʊltɛvwimuvdætðənɔrskwɪnərəhɛltgandɪŋat,0.2798861480075901,/home/kesha/dev/uni/kursach/refs/asr/new_audio/295.wav,yrk,1.544222354888916
2444,əńīməńīmpowarďafkī,ənumənupowadakti,0.3745519713261649,/home/kesha/dev/uni/kursach/refs/asr/new_audio/2444.wav,evn,3.2758960723876953
1252,Manihtyedahnyenyumihnyedăndaanăwanhărwasiqmităryemhmayedambiwa.,lənʧhiumieɪttɔnwənhɔrsbiθɪŋmat,0.550179211469534,/home/kesha/dev/uni/kursach/refs/asr/new_audio/1252.wav,yrk,1.1979681253433228
1340,sirahŋǣdakihsiqiwyurquryodamhsyaartămboyhnidohyuribyuq–,ðəsɪlonidɪkətərjuəuərərwʊdɪtrikaʊntðəwɪlɪŋitɪiɪbi,0.2598240469208212,/home/kesha/dev/uni/kursach/refs/asr/new_audio/1340.wav,yrk,1.9892902374267578
57,tinaqtăryemhăyaq.,wɪlstumðəθɪdəmaɪit,0.3870967741935483,/home/kesha/dev/uni/kursach/refs/asr/new_audio/57.wav,yrk,1.2919844388961792
846,tadtutapǣwsyumyahnyanaadădatămnayusyedaŋō,ðəstʊdðaʊtaɪhɪtɪŋɪnðəhɑrtəvðəliiləndwɔr,0.2995391705069125,/home/kesha/dev/uni/kursach/refs/asr/new_audio/846.wav,yrk,2.186210870742798
2025,tajagīdūilitčaŋkitintadū,teɪkəgitɪiliʃʤɪkɪtsɪntərt,0.287741935483871,/home/kesha/dev/uni/kursach/refs/asr/new_audio/2025.wav,evn,3.1559033393859863
1980,oldolwəhilkiďiŋnərəwun,əmtðəwisgɪtɪnnetəwik,0.2580645161290322,/home/kesha/dev/uni/kursach/refs/asr/new_audio/1980.wav,evn,1.5158438682556152
3196,bubudanštoli,rəbɔtwʊdənstoʊli,0.2903225806451612,/home/kesha/dev/uni/kursach/refs/asr/new_audio/3196.wav,evn,2.1749842166900635
862,Laănăkoŋǣqniwhponhilyeŋaah,mainoɔrniowənijugʊdlf,0.3920595533498759,/home/kesha/dev/uni/kursach/refs/asr/new_audio/862.wav,yrk,2.263036012649536
148,"Takadbrigadirăn'ma""ni""im':",wʊdiðegɪvɪnbənʧɪ,0.4621588089330025,/home/kesha/dev/uni/kursach/refs/asr/new_audio/148.wav,yrk,2.2453014850616455
2435,jehedukədukbəjəlbiśolhurkōkōrjekəndəldūk,juhædtɪkɪrtɪboəmvɪsɑlvdwrkɔkrjakoŋdəduk,0.2701612903225806,/home/kesha/dev/uni/kursach/refs/asr/new_audio/2435.wav,evn,3.124098062515259
2700,mōndikiwiətənnitəpūttə,ɔnðəgrelɔŋgiðəpwʊt,0.3373655913978495,/home/kesha/dev/uni/kursach/refs/asr/new_audio/2700.wav,evn,1.8903247117996216
584,Mănʹtităryemhsyertăwinitădnyernyahtărcyanyenǣcyahyǎŋgoda–,nsumentɪnetkəntɪnjuəlidɪsinʤɪŋwɪlən,0.4674638487208009,/home/kesha/dev/uni/kursach/refs/asr/new_audio/584.wav,yrk,1.5258204936981201
2275,lugərbīnbifkīgorolōdilojəguśo,loʊwətəbɪdɪnðɪtbɪfkivgɑtərlɔtdidlaɪaɔweɪzhæv,0.438049853372434,/home/kesha/dev/uni/kursach/refs/asr/new_audio/2275.wav,evn,3.4491193294525146
247,"anyaŋidtamnaŋamdyoonaraŋgaŋgu"",",aɪdəlɪənɔnfrhonro,0.509885535900104,/home/kesha/dev/uni/kursach/refs/asr/new_audio/247.wav,yrk,1.6694142818450928
755,tyaănyaŋimaqniwqsilpăwimuŋgonaqtiqnyoq,daɪəraɪhiɔrənobələtim,0.4953310696095075,/home/kesha/dev/uni/kursach/refs/asr/new_audio/755.wav,yrk,1.5310845375061035
68,Tiraciyaănamaq.,uɪræktɪdðɛmmɑt,0.289247311827957,/home/kesha/dev/uni/kursach/refs/asr/new_audio/68.wav,yrk,1.972249984741211
236,"amgǣǣwaddatatawa""».",amgoʊwɛðərtɪθɔrt,0.2945670628183361,/home/kesha/dev/uni/kursach/refs/asr/new_audio/236.wav,yrk,2.277965784072876
2306,taritədūəwəŋkīlborīmāśiwkīl,taɪdɪŋtɪduəwɪdnkitɪbodimaɪsikki,0.368366285119667,/home/kesha/dev/uni/kursach/refs/asr/new_audio/2306.wav,evn,2.4224557876586914
2129,ədātuŋńəkəďə ndə,ədəkəməntjuaɪʤɛnɪti,0.4286926994906621,/home/kesha/dev/uni/kursach/refs/asr/new_audio/2129.wav,evn,2.4076147079467773
1750,Tiiyudanyuudatikadmi.,ʃilʊktɪtidhiərðeɪnujuðəkatnɪr,0.378197997775306,/home/kesha/dev/uni/kursach/refs/asr/new_audio/1750.wav,yrk,2.072629928588867
258,anyaawanaq.,oʊ,0.8357771260997068,/home/kesha/dev/uni/kursach/refs/asr/new_audio/258.wav,yrk,1.3525664806365967
640,"Tinyoh,tăkādtikisyurămbădaqyaqăndayadănh",kjudtɪəʧuðɪsʃrɪmbəliɪnðəədər,0.4260424862313139,/home/kesha/dev/uni/kursach/refs/asr/new_audio/640.wav,yrk,1.4600696563720703
885,tikipasihnyupuucyamaqniw:,epesɪŋəɪɪman,0.5458064516129033,/home/kesha/dev/uni/kursach/refs/asr/new_audio/885.wav,yrk,1.7920352220535278
2583,higētkīńəkəkəl,higɛtɪnjorkoʊkə,0.3247311827956989,/home/kesha/dev/uni/kursach/refs/asr/new_audio/2583.wav,evn,2.6106574535369873
271,Titityukumǣrtanyahnyaandohwunitǣworq.,ɪɪəpoʧkmerstɪnhædntɪwənɪddwɔrt,0.3343504795117697,/home/kesha/dev/uni/kursach/refs/asr/new_audio/271.wav,yrk,1.6677031517028809
2971,bəjəlkəńuŋunbisōtinbukōkuttə,boʊəkərlivɪŋbɪsaɪdɪtəkrɔpəl,0.2672811059907834,/home/kesha/dev/uni/kursach/refs/asr/new_audio/2971.wav,evn,1.6240415573120117
167,wyetstanciya'nyaadŋǣdasʹ.,ɔstəntsitnɑtɪnðədɛsk,0.3516129032258064,/home/kesha/dev/uni/kursach/refs/asr/new_audio/167.wav,yrk,1.5254148244857788
2695,surud'ēngorolī,rɪdgrdi,0.5806451612903225,/home/kesha/dev/uni/kursach/refs/asr/new_audio/2695.wav,evn,2.284019708633423
2344,tuŋńikərəndā,pənukətrəndar,0.3325062034739454,/home/kesha/dev/uni/kursach/refs/asr/new_audio/2344.wav,evn,2.2346627712249756
2844,ərkəoronəaśinəwənkiətonutōləptiəmtyinə,wəkʊdɔtrnæsənonkiɪtɔnwddələpdɪmtiin,0.2359932088285229,/home/kesha/dev/uni/kursach/refs/asr/new_audio/2844.wav,evn,3.095048189163208
1948,ənqomətiwət…mətkeŋkeɬenməkmətsajpanməkə,əməuɪkɪməigeɪnmoməntsbarnmɑrkər,0.3283705541770059,/home/kesha/dev/uni/kursach/refs/asr/new_audio/1948.wav,ckt,1.6256449222564697
1283,adăŋguqniqrawhmaqniwqtyedah,haʊduweoʊmənʧɪd,0.505973715651135,/home/kesha/dev/uni/kursach/refs/asr/new_audio/1283.wav,yrk,1.460848093032837
2497,s’irindalāəmərəwdabiəduəmonmə m,idɪŋgəlaʊmətvdətbrduəmɑtəməm,0.2700312174817898,/home/kesha/dev/uni/kursach/refs/asr/new_audio/2497.wav,evn,2.4473299980163574
80,tipyelyeytadaăbtadaŋănihawi,iəpidieɪtsətəhɑpdɪənjə,0.3255675029868577,/home/kesha/dev/uni/kursach/refs/asr/new_audio/80.wav,yrk,3.481989622116089
2081,čāskīgirku m,askidɪdkn,0.314516129032258,/home/kesha/dev/uni/kursach/refs/asr/new_audio/2081.wav,evn,3.7045276165008545
27,"Tădtăkadtityedahtikimǣnyuq,yolʹcyeqmaădani,yetyaoyhnihmăncăralluwh",nətotvækjutiənkərmejuərʤəmiðənithiθɔtfərhoɪŋjuənsərɔnl,0.3663245356793744,/home/kesha/dev/uni/kursach/refs/asr/new_audio/27.wav,yrk,2.6242597103118896
664,Syaqnibătohunandohŋǣdakianih,səmɪnðɪðəronərtɪlitɪtgreɪli,0.2880184331797234,/home/kesha/dev/uni/kursach/refs/asr/new_audio/664.wav,yrk,2.2234461307525635
106,mănʹŋobhmǣtaqyaqmiăbtqyamia.,mɛniwʊdbətlɪθɪnərhaʊðəɑrmihɑr,0.3631813125695217,/home/kesha/dev/uni/kursach/refs/asr/new_audio/106.wav,yrk,2.138364553451538
2412,duktəlkōkūtčotaruŋtuwunmibəjə,dʊkdokɔfwɪʧjathædondɪnmiwərju,0.2975528364849833,/home/kesha/dev/uni/kursach/refs/asr/new_audio/2412.wav,evn,2.8891398906707764
2835,minəalaγusan,hinato,0.5376344086021505,/home/kesha/dev/uni/kursach/refs/asr/new_audio/2835.wav,evn,2.345360279083252
799,"yalǣmdataŋulihŋădimyasyenyeyasuyyalyadandaăyaanih,",əndɪənbɪdɪŋʃimeɪhəfərilndia,0.51,/home/kesha/dev/uni/kursach/refs/asr/new_audio/799.wav,yrk,1.6560719013214111
2504,hōhəgdihawabiśōntar,ɔodaabisentɪd,0.427843803056027,/home/kesha/dev/uni/kursach/refs/asr/new_audio/2504.wav,evn,2.5611093044281006
1657,[Nyeracbortʃiwo],buɪŋdriʧekek,0.4042338709677419,/home/kesha/dev/uni/kursach/refs/asr/new_audio/1657.wav,yrk,1.3929015398025513
1016,ancyerrihpinaya,hihædtɪkipjʊnəni,0.282258064516129,/home/kesha/dev/uni/kursach/refs/asr/new_audio/1016.wav,yrk,1.4808788299560547
325,"wadăkoyewaqtǣwrain,",waɪdɪwiodeɪli,0.3811544991511035,/home/kesha/dev/uni/kursach/refs/asr/new_audio/325.wav,yrk,2.047722578048706
1691,Lorcǣylorcǣynoypiqilpitowqtarqpiqilpitowq!,ɔrhelɔrhenɔɪbilbiɪtðoʊθətopiləbitðoʊ,0.2703533026113672,/home/kesha/dev/uni/kursach/refs/asr/new_audio/1691.wav,yrk,3.145737886428833
1338,Tǣǣbinitinimaqniwqtiŋǣqniwh,tuðɪŋwɪθɪnəmɑrkiləlu,0.3853046594982078,/home/kesha/dev/uni/kursach/refs/asr/new_audio/1338.wav,yrk,2.144932508468628
1711,Pidapoyorcʹayaaniqǣwanyawaaniq.,bətðəbɔɪjotəhidanithanoʊwni,0.3199791883454734,/home/kesha/dev/uni/kursach/refs/asr/new_audio/1711.wav,yrk,2.640941858291626
754,"tyedahwaaltamdmaqnidămhtyedahmǣŋgudmh,",ðəhgɪtəpwɑlpɪntumaɪrgetɪɪŋwʊd,0.3455008488964346,/home/kesha/dev/uni/kursach/refs/asr/new_audio/754.wav,yrk,1.8019328117370605
791,myadmhsyurtyeăyāanihmyaknaso.,annɛvərkʊdihəjəŋjɛtnəθɪŋfər,0.3618279569892474,/home/kesha/dev/uni/kursach/refs/asr/new_audio/791.wav,yrk,1.8740019798278809
104,Tădyedǣyyanhŋamdwamiti,aɪpoʊntizəjəŋɔntɔrtənʧit,0.355510752688172,/home/kesha/dev/uni/kursach/refs/asr/new_audio/104.wav,yrk,2.032459020614624
729,adamdohmǣmbdaandoh,hævjudumɛləθənt,0.3449820788530466,/home/kesha/dev/uni/kursach/refs/asr/new_audio/729.wav,yrk,1.7590090036392212
1936,ətrʔesənqenɬɣiinʔenəɣjewmuri,dɪzsətəntuitənujəŋwu,0.3525345622119816,/home/kesha/dev/uni/kursach/refs/asr/new_audio/1936.wav,ckt,2.8166658878326416
1826,ənqennəwetɣawqenat,dɪzðəwɪʧowɪntɪt,0.278673835125448,/home/kesha/dev/uni/kursach/refs/asr/new_audio/1826.wav,ckt,1.637355089187622
2647,ojəktɨnhuktɨllətolko,bɔɪəktɪnkwʊkpdɪlɪlətboʊskət,0.2962962962962963,/home/kesha/dev/uni/kursach/refs/asr/new_audio/2647.wav,evn,1.9894733428955078
2312,ahītarguldən,aɪitðətəgoʊldɪddɪnər,0.4887096774193548,/home/kesha/dev/uni/kursach/refs/asr/new_audio/2312.wav,evn,1.884836196899414
2238,ajamamatinďərə ,aɪəmoiθingɪtər,0.2580645161290322,/home/kesha/dev/uni/kursach/refs/asr/new_audio/2238.wav,evn,2.9819579124450684
534,Siirtyamaqniwqninmălyeq,ʧərʧɪnmaɪnuunəmeɪt,0.335203366058906,/home/kesha/dev/uni/kursach/refs/asr/new_audio/534.wav,yrk,2.0746407508850098
2569,nuvotahilasalaftarhutəlwibaldilda ,ərjulɛsaɪlæftðərhutɛljubətgɪdðə,0.2016129032258064,/home/kesha/dev/uni/kursach/refs/asr/new_audio/2569.wav,evn,2.889045000076294
2381,hutəlbonwattəntaduďuktəwə,wigorɔntɪæktθɪndɪdðəridukðoʊ,0.2160138248847926,/home/kesha/dev/uni/kursach/refs/asr/new_audio/2381.wav,evn,2.137253999710083
515,"Maqniwqtikarmaqniwqilyewandayambanhmaqniwqsolotǣritalyebi,ti",mɪnjujugɑtəmaɪnjudujuwɔnttɪjæmpətðəmənifərθeɪɛzðətlivɪʃi,0.2438172043010753,/home/kesha/dev/uni/kursach/refs/asr/new_audio/515.wav,yrk,2.048557996749878
3144,odolboltonoəməďəm,rɔrðəwɔtərðawɪθju,0.2447817836812144,/home/kesha/dev/uni/kursach/refs/asr/new_audio/3144.wav,evn,2.2043750286102295
2547,talāŋənə mdā̄,ðeɪlakmənəmtə,0.3225806451612903,/home/kesha/dev/uni/kursach/refs/asr/new_audio/2547.wav,evn,3.2834231853485107
3207,gunən,wlnət,0.1516129032258064,/home/kesha/dev/uni/kursach/refs/asr/new_audio/3207.wav,evn,2.8419227600097656
621,tikipǣwdyumhnǣkălŋaanihmaqniwq,ʃikʊdpeɪdɪmnɛvərlænɪmmnm,0.3301075268817204,/home/kesha/dev/uni/kursach/refs/asr/new_audio/621.wav,yrk,2.0791823863983154
899,Muŋgoqpyayăbiŋanihsaaltaŋanihloolbatuta,wioʊkeɪhɪnmaɪnoɑndeɪɔnmədəltæ,0.3709677419354839,/home/kesha/dev/uni/kursach/refs/asr/new_audio/899.wav,yrk,2.2266299724578857
2879,huruwkīdə̄opaťaŋitdəgintitdukuliŋna m,hulʊktætðəəθæʧtəndɪtdɪghitɪdðəwʊdɪənðoʊ,0.2398676592224979,/home/kesha/dev/uni/kursach/refs/asr/new_audio/2879.wav,evn,2.6334688663482666
2552,amīmtōlībusləlčōbis’ōn,aɪmintartɪdwɪθseʧbion,0.3819354838709677,/home/kesha/dev/uni/kursach/refs/asr/new_audio/2552.wav,evn,1.883634090423584
1722,Tikiǣǣhtuanyanaaya?,jugothændbuvɪŋɪnðətəgɪ,0.3497067448680352,/home/kesha/dev/uni/kursach/refs/asr/new_audio/1722.wav,yrk,2.588836431503296
2858,ətəjəśimńībisān,bətθezsinibisən,0.4258064516129032,/home/kesha/dev/uni/kursach/refs/asr/new_audio/2858.wav,evn,1.9610309600830078
2319,təγətčəkonəmjūrən,ðəwɪθoʊrgarnumjuoʊdɪn,0.3525345622119816,/home/kesha/dev/uni/kursach/refs/asr/new_audio/2319.wav,evn,2.328434705734253
2301,minəalaguŋkīn,minaɪʊaɪvwɔkɪŋ,0.2430875576036866,/home/kesha/dev/uni/kursach/refs/asr/new_audio/2301.wav,evn,2.0470218658447266
558,Wadinimaqniwtikipuda[nyeracbortʃiwo]wadyetidaqmaq,ɪfjumuvdwɪtɔlðəɪnlakɪn,0.5944700460829494,/home/kesha/dev/uni/kursach/refs/asr/new_audio/558.wav,yrk,1.6132922172546387
2015,imōtītkōnaŋirən,ðeɪmotɪdgrəntɪŋir,0.3823529411764705,/home/kesha/dev/uni/kursach/refs/asr/new_audio/2015.wav,evn,3.2815589904785156
2629,rasačinńiulləńiolloačin,əesseranjuwolerɪnjuolaɪtɪd,0.3070719602977667,/home/kesha/dev/uni/kursach/refs/asr/new_audio/2629.wav,evn,2.391260862350464
413,Tăsiynyeŋāwkamdatunhpăradambida,dɪhifjnaʊkəmtidudəntbəðərðɛnbiðæt,0.3377321603128054,/home/kesha/dev/uni/kursach/refs/asr/new_audio/413.wav,yrk,1.8066486120224
1952,naqameeknəwitʔəteɬpəqin,nɑtɔnðəɛɪknəwitətɪʃtætɪm,0.1955645161290322,/home/kesha/dev/uni/kursach/refs/asr/new_audio/1952.wav,ckt,2.161064863204956
468,Maqniwqyaahtyuquqnyayunamaqmaniwqŋămgǣrihtoqǒlamaqniwqyesyaqmaănayuǔnayuŋgudima.,wənhuheɪntjuhəndrurneɪmðəmənieɪndəlanmaɪesmaɪnijuiwoʊwɪθɪm,0.3900472069236821,/home/kesha/dev/uni/kursach/refs/asr/new_audio/468.wav,yrk,2.127013921737671
227,"sidnaqmǣn'tǣwra""",sɛndðəwɪndbɪldrɪt,0.381404174573055,/home/kesha/dev/uni/kursach/refs/asr/new_audio/227.wav,yrk,2.0047967433929443
2270,minnunhuruldiďəŋə̄səhīkokōn,ɪndunuəvitɪŋarθeɪkɔfən,0.3249701314217443,/home/kesha/dev/uni/kursach/refs/asr/new_audio/2270.wav,evn,2.264814853668213
405,tyukumanʹancyerhilyedmhtyedah.,twɔrməðətərilɑkt,0.5134408602150538,/home/kesha/dev/uni/kursach/refs/asr/new_audio/405.wav,yrk,1.0635775327682495
1095,almyerqliqŋulihŋarandaŋulihtikaănaŋaq,aɪɪrnootmaɪndtliətəmaɪ,0.4537925021795989,/home/kesha/dev/uni/kursach/refs/asr/new_audio/1095.wav,yrk,1.5174435377120972
1646,Murtikaawamiudqtawnawtahmyaqniңuq.,wʊdðɪtgaɪweɪnuhuðətðawɪnoʊðanænum,0.2656546489563567,/home/kesha/dev/uni/kursach/refs/asr/new_audio/1646.wav,yrk,2.7703895568847656
2036,ŋinakinmarhaŋīskāt,inɪkɪnwɛdhaindiskət,0.2767402376910017,/home/kesha/dev/uni/kursach/refs/asr/new_audio/2036.wav,evn,3.5077595710754395
1023,pidărwidărăbqnandyoŋgămdsăpăŋguw».,wəərwɪθənonækhiɔfəntəktəbəl,0.3704933586337761,/home/kesha/dev/uni/kursach/refs/asr/new_audio/1023.wav,yrk,2.3725693225860596
2423,hələhururəwhururəwŋəlifśijojŋəlifśi,əlohʊdodohʊdodərwlɪfsejaoɪfsɛd,0.2175115207373271,/home/kesha/dev/uni/kursach/refs/asr/new_audio/2423.wav,evn,3.226979970932007
1752,Manʹobcowmanqmaqpuucyahpiyaalworta,mɛniwelgoʊmaɪnɪmopujulbiəhaɪwodænt,0.2746679316888046,/home/kesha/dev/uni/kursach/refs/asr/new_audio/1752.wav,yrk,2.588841676712036
838,"Tyey,Muŋgoqpyayabilaănăkomhnidawhpilibthaqnaqnidawh",iroʊkoʊpeɪedəlɑrmdətwəidaʊthidɪdtɪfaɪndənniʊ,0.3089816571790006,/home/kesha/dev/uni/kursach/refs/asr/new_audio/838.wav,yrk,1.967012882232666
2554,buśōndiγinklastūučitŋahīdūw,wisʃɔdɪnʤinklæstɪmʧitɪŋəzhidu,0.3364849833147942,/home/kesha/dev/uni/kursach/refs/asr/new_audio/2554.wav,evn,2.251709222793579
3012,əproduktakarwihuruwupkī,bətlʊkttɪgaɪdætmihroʊphi,0.2358870967741935,/home/kesha/dev/uni/kursach/refs/asr/new_audio/3012.wav,evn,2.084667205810547
2824,mənmaktəlirgəktəlororwokəkikčafkīl,maɪməftələɪzgotɔhoʊl,0.4739089184060722,/home/kesha/dev/uni/kursach/refs/asr/new_audio/2824.wav,evn,1.5440419912338257
2317,tarahīhimulā,ðətarhijumuvə,0.2741935483870967,/home/kesha/dev/uni/kursach/refs/asr/new_audio/2317.wav,evn,2.6743149757385254
119,Tăkadpǣwsyumyanyanaŋăniqtiqtoq,ðɛrɪsɪŋəntəniutəbə,0.4731182795698926,/home/kesha/dev/uni/kursach/refs/asr/new_audio/119.wav,yrk,2.3673908710479736
2156,hukśildalinuďawatɨniśəso,woʊksidəɪnnɔrɔraətsɪnɪθɪsiə,0.3213859020310632,/home/kesha/dev/uni/kursach/refs/asr/new_audio/2156.wav,evn,3.144012451171875
1045,Syudbyandaŋilhyalăndohtudopǣrŋa,ruðenənmouvaoʊtəəllæb,0.4261186264308012,/home/kesha/dev/uni/kursach/refs/asr/new_audio/1045.wav,yrk,1.8056132793426514
1429,Nyabiwarimyakădnidawhmoyopyuh,ɛvriwɪnekənidowɔntɪdtɪ,0.3487208008898777,/home/kesha/dev/uni/kursach/refs/asr/new_audio/1429.wav,yrk,1.8514890670776367
1764,enarkeənenɣətkaɬɣəqaj,ðerdiɛnɛnɪdgrəʃpək,0.2542242703533026,/home/kesha/dev/uni/kursach/refs/asr/new_audio/1764.wav,ckt,1.8277158737182617
863,Muŋgoqpyayabirŋanihŋǣwadi,wʊdðeɪhæddənaɪdəneɪwʊði,0.2935483870967742,/home/kesha/dev/uni/kursach/refs/asr/new_audio/863.wav,yrk,1.7828727960586548
233,"nyana""ma""ni""im'tyuku""",nəknənðərmaɪlizbut,0.3740399385560676,/home/kesha/dev/uni/kursach/refs/asr/new_audio/233.wav,yrk,1.7499449253082275
1391,unyananumhyalǣmdaki,wiɛnəmoʊmiətɪndɛtər,0.2707979626485569,/home/kesha/dev/uni/kursach/refs/asr/new_audio/1391.wav,yrk,1.908448338508606
1959,ətɬonmikəneʔaɬajoranʔeɬerəɬɣetiwərkənin?,ornmiknɛrarteɪotrðəthihædəʃɪtsʤoʊk,0.2907258064516129,/home/kesha/dev/uni/kursach/refs/asr/new_audio/1959.wav,ckt,2.87623929977417
1071,nyenǣcyahŋămcaawyathŋăwărwuniŋaq»,ʤɪmhətidtɪw,0.7008797653958944,/home/kesha/dev/uni/kursach/refs/asr/new_audio/1071.wav,yrk,1.1095997095108032
826,portyewtyukumǣmdih.,poʊsetonts,0.5135823429541596,/home/kesha/dev/uni/kursach/refs/asr/new_audio/826.wav,yrk,1.3637031316757202
685,adăkoyedohpănǣmdasyera,aəɔɪjuoʊtənənɪndijɛta,0.3086510263929619,/home/kesha/dev/uni/kursach/refs/asr/new_audio/685.wav,yrk,1.5706262588500977
1255,tikipăsihnyupuucyaqyadaŋanihonărawih.,akʊdbəthomwɪθjuætðtanown,0.4363557105492588,/home/kesha/dev/uni/kursach/refs/asr/new_audio/1255.wav,yrk,1.1459481716156006
1214,Muŋgohpyayăbi,okleoi,0.5831265508684863,/home/kesha/dev/uni/kursach/refs/asr/new_audio/1214.wav,yrk,1.2112634181976318
1240,Tiŋămgǣadkǣdiqŋămgǣq?,ioʊgi,0.7788018433179724,/home/kesha/dev/uni/kursach/refs/asr/new_audio/1240.wav,yrk,1.3849958181381226
2237,uldəŋiltɨnlokusaďafkīltulīlō,wʊddəitinnoʊkesðətjoitɪlilɔf,0.3018433179723502,/home/kesha/dev/uni/kursach/refs/asr/new_audio/2237.wav,evn,2.575543165206909
2398,tarkiŋgitguśo,ðəkɪŋdɪdgrusoʊ,0.3248847926267281,/home/kesha/dev/uni/kursach/refs/asr/new_audio/2398.wav,evn,2.3242380619049072
2969,əhīkonīlakanōda,ipɔɪntɪdjuləksɔnolðdɛrs,0.4901823281907433,/home/kesha/dev/uni/kursach/refs/asr/new_audio/2969.wav,evn,1.6619104146957397
3203,oronmowārə ,ɔrtərooʊldwei,0.3486352357320099,/home/kesha/dev/uni/kursach/refs/asr/new_audio/3203.wav,evn,4.207927227020264
2264,atirkānumukinəmənmusə,ðergaəlʊkɪnðəmonəsaɪd,0.2542242703533026,/home/kesha/dev/uni/kursach/refs/asr/new_audio/2264.wav,evn,1.834522008895874
3162,oəhīťipertəpkəldə ,ooldərjitɪbɪktopoe,0.3100358422939068,/home/kesha/dev/uni/kursach/refs/asr/new_audio/3162.wav,evn,3.1316659450531006
2494,tarďugan’bolosolānəmərə ərəgəritəlā,duwenbowasɔəɔnðəmouərtərðəthikɪdlɑ,0.3299539170506912,/home/kesha/dev/uni/kursach/refs/asr/new_audio/2494.wav,evn,1.6952717304229736
2974,tadukhururәw,dəndukhʊdərrɪl,0.2534562211981566,/home/kesha/dev/uni/kursach/refs/asr/new_audio/2974.wav,evn,1.8487823009490967
2749,nəŋəďəďənnəbuɲī[n]dūtɨn,nɛvərðɪsdɪdənthivbɔrɪŋjukʊddɪdənt,0.4472140762463343,/home/kesha/dev/uni/kursach/refs/asr/new_audio/2749.wav,evn,2.503394842147827
2525,ahaldaə̄nəhawalďafkīl,aɪndeɪdhaʊəngoʊthi,0.2365591397849462,/home/kesha/dev/uni/kursach/refs/asr/new_audio/2525.wav,evn,2.1985585689544678
114,"Praktikantatǣrisircyǎtitiki,yekar,ŋămgǣǣnaawămdasyaaqmănǣqŋada.",ðəpɔtɪsʧikʊdəntgɪtəsusuθivɪʃiojukʊdəntgɪthoʊmtɪʃɛlmɛnilɛðər,0.3387096774193548,/home/kesha/dev/uni/kursach/refs/asr/new_audio/114.wav,yrk,1.6459743976593018
1935,itəkʔəmɬʔeɬeŋkəŋenəjaɬɣənmore,hiθʊkəməvðətdɛəiglrðəaɪskɪtnɔd,0.2672043010752688,/home/kesha/dev/uni/kursach/refs/asr/new_audio/1935.wav,ckt,2.246729612350464
2283,gələ̄ktəďəkəlgirkījəji,rɪmɑrkðətjukənhɪkɪjui,0.2280058651026393,/home/kesha/dev/uni/kursach/refs/asr/new_audio/2283.wav,evn,2.247352361679077
1390,Tikiyaănamaqniwqonawaanawadayǎŋgoya,jubjuɪtərmaɪtɪwəndrwəndərwaɪðeɪjuərwɔɪjɛ,0.3125,/home/kesha/dev/uni/kursach/refs/asr/new_audio/1390.wav,yrk,2.1665804386138916
1122,Mănʹpăŋgălmǣmisitmanoŋgadmh»,aɪmərðəehihɪtəmeengræ,0.3726958525345623,/home/kesha/dev/uni/kursach/refs/asr/new_audio/1122.wav,yrk,1.6106314659118652
918,nikidŋǣwiŋǣbtumh–,jukrɪtəreɪtwɪllæfto,0.3904923599320882,/home/kesha/dev/uni/kursach/refs/asr/new_audio/918.wav,yrk,1.7805826663970947
1889,rəpɣəpɣewninniniwqin,dɪfpopwinənjeoh,0.3266129032258064,/home/kesha/dev/uni/kursach/refs/asr/new_audio/1889.wav,ckt,2.2868857383728027
1290,"mǣyaahnyahlǣbtăŋgo,",ɔjɛnjulətɪwə,0.4966044142614601,/home/kesha/dev/uni/kursach/refs/asr/new_audio/1290.wav,yrk,1.361793041229248
350,Tăryemhsirŋanyerăndanyanayahoyhninyaŋobhsyurămbăda.,ðəɪnvidməniəntɪŋhənijəŋbɔɪlinoʊɔlweɪzhʊdombaɪðət,0.3102466793168881,/home/kesha/dev/uni/kursach/refs/asr/new_audio/350.wav,yrk,2.319821834564209
825,"tyedawǣyncyer-yuwmǣw,",ueɪtænrəl,0.6175115207373272,/home/kesha/dev/uni/kursach/refs/asr/new_audio/825.wav,yrk,0.9657923579216003
2856,tugdaəhīkōnwnukilwibirə ,ðədəgeɪkɔnðətbətwinoʊkɪlərbɪtɪt,0.3631633714880333,/home/kesha/dev/uni/kursach/refs/asr/new_audio/2856.wav,evn,2.426485300064087
2771,atarəəďīγūlarčaptɨkīnuŋardulātɨnora ,aɪðdhædjuwʊastɛptɪkɪnarbɔθɪmɔrdər,0.3118279569892473,/home/kesha/dev/uni/kursach/refs/asr/new_audio/2771.wav,evn,2.0070552825927734
1267,"«Wǣy,mi,tikinityukuŋǣdaki",trɪʧvɔɪzspi,0.6432258064516128,/home/kesha/dev/uni/kursach/refs/asr/new_audio/1267.wav,yrk,1.3476080894470215
2131,ədukətə ndətuŋńəkəďəmī,oʊðəwətðɛndɪddonjugaɪdɪrmi,0.3269230769230768,/home/kesha/dev/uni/kursach/refs/asr/new_audio/2131.wav,evn,1.9169774055480957
343,"Tănyah,tănyahmiŋadmh»",ɪepənanəðər,0.5284178187403994,/home/kesha/dev/uni/kursach/refs/asr/new_audio/343.wav,yrk,1.643741488456726
1967,kəmʔəruɬtənkəmʔəteɣənkəmɣətsitɣʔetmimɬəteɣnək,rəmadhoʊstɪmikəməʤnrəmðətiketnimzɪn,0.3168458781362008,/home/kesha/dev/uni/kursach/refs/asr/new_audio/1967.wav,ckt,2.9491827487945557
444,"Tădawa,tadyadălmanimanʹmayandortiodǣmh.",dəzaʊɔθeimenəmənihævneɪmegohaθɪn,0.3134822167080232,/home/kesha/dev/uni/kursach/refs/asr/new_audio/444.wav,yrk,2.2099292278289795
2818,kəətəmjaŋuďami,rðɛmjuəngwritɪŋ,0.2881720430107526,/home/kesha/dev/uni/kursach/refs/asr/new_audio/2818.wav,evn,1.7821178436279297
1789,samanərʔiɬeqinet,səmwənnɑtəizliæktərhiɛnt,0.3870967741935483,/home/kesha/dev/uni/kursach/refs/asr/new_audio/1789.wav,ckt,2.328171968460083
3008,gədūanŋanīdūškolalāhurud’əŋōn,gɪʤənwɪnjuduskulɔlðəhoʊlðəgɪnər,0.3668054110301769,/home/kesha/dev/uni/kursach/refs/asr/new_audio/3008.wav,evn,2.3097500801086426
1692,LorcǣyLorcǣy!,lordɪðeɪɪlortəfit,0.3899430740037951,/home/kesha/dev/uni/kursach/refs/asr/new_audio/1692.wav,yrk,2.617039918899536
1632,maqniwq:“Sitadaңgudmh.q,maɪnoʊhɪtðəhɑrdənkwrd,0.3274894810659187,/home/kesha/dev/uni/kursach/refs/asr/new_audio/1632.wav,yrk,2.718318462371826
1167,Taslaăyaŋobhyootah,baslaɪjəŋwoɔpiwən,0.2195340501792114,/home/kesha/dev/uni/kursach/refs/asr/new_audio/1167.wav,yrk,2.0096702575683594
1962,wəneŋanfurmanowəna,ðizərtəfʊtəvmaɪɔrd,0.2186379928315412,/home/kesha/dev/uni/kursach/refs/asr/new_audio/1962.wav,ckt,3.52522349357605
2937,taratəulgučōni m,ðəlaɪtðɛrwɪlwɪkɔn,0.3225806451612903,/home/kesha/dev/uni/kursach/refs/asr/new_audio/2937.wav,evn,2.9417531490325928
827,Tinyǎqămadasihparkăsyadaŋăcyekimh,jujʊrməðərhettɪgoʊwɪθəraɪtwɔʧθɪnətɪkən,0.3455008488964345,/home/kesha/dev/uni/kursach/refs/asr/new_audio/827.wav,yrk,1.499190330505371
2448,əńijānunluhugirkūďaŋkīfhujukūnbiŋəhijiahatkanbiŋəhiji,əmiərnondogetwɪθjænkifriwundɪŋəiaʊtstændɪŋəi,0.2805842970176506,/home/kesha/dev/uni/kursach/refs/asr/new_audio/2448.wav,evn,2.294978141784668
2784,tamtapal’esuiďošužəznajəškuda,ænθəpraɪfɪdiʤozɛznisðə,0.3348164627363738,/home/kesha/dev/uni/kursach/refs/asr/new_audio/2784.wav,evn,1.566849708557129
2141,uγiskīmikčānəfkī,wəlwɪθgɪvmeɪkdaʊtɪnəfkid,0.4858870967741935,/home/kesha/dev/uni/kursach/refs/asr/new_audio/2141.wav,evn,3.122591257095337
1748,Simcimyadhmyuytiiyudasidya,ʃiɪnfudðəmɪgbrənætəmitihihuzeɪʃətɪ,0.3391840607210626,/home/kesha/dev/uni/kursach/refs/asr/new_audio/1748.wav,yrk,2.222498893737793
1322,Timyakandaayaanihtădawa,ihædnɛvərdaɪæɪnɪndðəhoʊ,0.2524544179523141,/home/kesha/dev/uni/kursach/refs/asr/new_audio/1322.wav,yrk,1.222641944885254
2732,dunnəmabargidādukəməďəčōw,duətnoʊməvbəgtɪvætoʊkənwɪtɪɛl,0.2725250278086763,/home/kesha/dev/uni/kursach/refs/asr/new_audio/2732.wav,evn,2.688755512237549
2915,mōlkəčəwuli m,motkotjudi,0.2890818858560794,/home/kesha/dev/uni/kursach/refs/asr/new_audio/2915.wav,evn,2.2747762203216553
1132,"«Yuqtibyamhnibqnandpirasqmatyukumaqniwqyesyasălandyedhtiaŋgun,maqniwq",maɪhutɪðəmhævmnəntɪɪsməʧərwənishɪzoʊbɪdmənɪʤɪŋwənməni,0.3422159887798037,/home/kesha/dev/uni/kursach/refs/asr/new_audio/1132.wav,yrk,1.8367040157318115
1175,"syudbyaqyaqdasoomyatanyohsintǣwotăŋotădăwnyambor.
",ihʊdðeɪɪzəfʊləvnəθɪŋɛlsinðeɪwʊdtɪmɔθəphoʊmapər,0.2864516129032258,/home/kesha/dev/uni/kursach/refs/asr/new_audio/1175.wav,yrk,1.6819579601287842
200,"Tadkadtitayambuwamǣ""ma""adana""tyew'pirŋǣbtaw'tiki,",bətgətutaɪætwəəməðərnioʊntkʊdɪnəfdoʧik,0.3317972350230415,/home/kesha/dev/uni/kursach/refs/asr/new_audio/200.wav,yrk,1.7993988990783691
2157,həŋəlifśipčuhəgdikōkun,bətrɪliθiksjɪhʊgðəkrɔkwən,0.304516129032258,/home/kesha/dev/uni/kursach/refs/asr/new_audio/2157.wav,evn,2.6649928092956543
397,tarcyaabcyǎŋgănaaŋguliwh,dɪziokələnthənkər,0.4245161290322581,/home/kesha/dev/uni/kursach/refs/asr/new_audio/397.wav,yrk,1.773402214050293
82,"tikiabcyangawtărcyaŋǣwisʹ,mănʹărqnisǣwaqnanimanǣsqnisawawh",juʊrhəmʧɪŋlɛtðəsʃuzwɪnhaʊdujuseɛnəmənɛzhisol,0.3876529477196886,/home/kesha/dev/uni/kursach/refs/asr/new_audio/82.wav,yrk,2.2030327320098877
681,Tahmalănanyudyaăbirŋobhnyaătatatarănadaniwŋaqadăanandaadăananda,ðəməlɔueɪtəngtəpðətatnaɪjuwɪhævɪnðətplatəvɪt,0.4009216589861751,/home/kesha/dev/uni/kursach/refs/asr/new_audio/681.wav,yrk,1.798986554145813
2896,oŋkoďoro ,aɪmkwɪkjodər,0.353494623655914,/home/kesha/dev/uni/kursach/refs/asr/new_audio/2896.wav,evn,1.883755087852478
3060,biədūkaKrasnojarskədūbičōw,edokrtkæsðəðəæ,0.4944168734491316,/home/kesha/dev/uni/kursach/refs/asr/new_audio/3060.wav,evn,1.6985297203063965
1902,wenɬəɣiʔəmqoɬniwqinwenɬəɣiininiwqin,rɛntiərkətɪŋoʊpəwinfifjunijoʊpɪn,0.2152073732718894,/home/kesha/dev/uni/kursach/refs/asr/new_audio/1902.wav,ckt,1.4974135160446167
146,"Tăkata""ălʹnamadmamǣŋgu""",gətðərimnbninkt,0.4684431977559607,/home/kesha/dev/uni/kursach/refs/asr/new_audio/146.wav,yrk,2.4757721424102783
1760,etʔəmmənəɣətənatmənriwɬənet,eɪtomənuzdudnɑtminɪndiwɪsɪnhɪt,0.2419354838709677,/home/kesha/dev/uni/kursach/refs/asr/new_audio/1760.wav,ckt,4.017210483551025
1161,Ŋămgǣridasyer-ayayembaqăyq,ðəkesæpɪlampən,0.5161290322580645,/home/kesha/dev/uni/kursach/refs/asr/new_audio/1161.wav,yrk,1.2446961402893066
545,Tikarmaqniwqilyewandayambanhmaqniwq,hikɔtəmnigoeɪnðəjəwənəməne,0.3294930875576037,/home/kesha/dev/uni/kursach/refs/asr/new_audio/545.wav,yrk,2.528679847717285
1107,"yoowiŋămgǣrimh,",rɔeiaiwɪngədə,0.3365591397849462,/home/kesha/dev/uni/kursach/refs/asr/new_audio/1107.wav,yrk,1.4864788055419922
1617,abiiyutapoyoq...,hævigɪttɪpɔɪoʊt,0.3598790322580645,/home/kesha/dev/uni/kursach/refs/asr/new_audio/1617.wav,yrk,2.883239984512329
358,syudǣndapoŋgănapaddatikipiidămdasoyabalăbtortaŋǣwi,ikʊdɪntəbrokənəraɪvətukʊdwudðəweɪhireləptɔtəli,0.2641935483870968,/home/kesha/dev/uni/kursach/refs/asr/new_audio/358.wav,yrk,1.8557288646697998
347,tikiyadaubtăwa,ɛthiɛvərdanɔp,0.3617511520737327,/home/kesha/dev/uni/kursach/refs/asr/new_audio/347.wav,yrk,1.500953197479248
2565,tərəŋnəkōrwənuŋardulātintasťasāwunohotnikildūbuttotinbultāmnil'dū,edɪŋnəkwɑdoʊnɔrəðəlaθəntəststɪsaʊɔnəhɔrθtəkiɪðəwʊttantɪŋwʊdtta,0.242913000977517,/home/kesha/dev/uni/kursach/refs/asr/new_audio/2565.wav,evn,1.6867220401763916
1717,Tikioqryeqǣanyanaaya?,igrourɛdiəndgɛni,0.3609831029185868,/home/kesha/dev/uni/kursach/refs/asr/new_audio/1717.wav,yrk,2.514286756515503
316,"]WnicowʹyaPyelyadki,da?",ɪnzoʊtɪfpɪtiæksɪɪdðət,0.3681626928471248,/home/kesha/dev/uni/kursach/refs/asr/new_audio/316.wav,yrk,1.2941133975982666
2424,əkīntindaəkīntinmirə̄nən,oʊkɪnθɪnbitərnən,0.3991935483870967,/home/kesha/dev/uni/kursach/refs/asr/new_audio/2424.wav,evn,2.9614007472991943
2075,hajalətālāŋinakirgošajadū,əjæltðəlnənɛkdgoʊsejɛtɪn,0.3154838709677419,/home/kesha/dev/uni/kursach/refs/asr/new_audio/2075.wav,evn,3.2924704551696777
1160,"ŋobhŋămgǣqyaqmi,urkaŋǣbta?»",əəeitprett,0.6600955794504181,/home/kesha/dev/uni/kursach/refs/asr/new_audio/1160.wav,yrk,0.8987905383110046
1315,Ŋămcaăndatyebbăqnandamaqniwqan».,əntgɪtɪntɪmənihaɪ,0.5201612903225807,/home/kesha/dev/uni/kursach/refs/asr/new_audio/1315.wav,yrk,1.9509466886520386
2427,amīhəhəniŋkīntarə,imihodninkɪntætə,0.2836812144212524,/home/kesha/dev/uni/kursach/refs/asr/new_audio/2427.wav,evn,2.8957571983337402
3208,ēlāətoēlābəjəodantə̄,eɪlætðəɪləʤəntwiɔdʤənt,0.4237536656891496,/home/kesha/dev/uni/kursach/refs/asr/new_audio/3208.wav,evn,3.709402322769165
1884,puurʔutətaŋəntəjaatənʔaneɬoɣərɣən,brtərdɪtərmentiaənɔnhɪzoʊlerii,0.2424242424242424,/home/kesha/dev/uni/kursach/refs/asr/new_audio/1884.wav,ckt,2.391948938369751
2646,tariləgunili m,ðəthilʊkɔɪniθɪnŋ,0.2469758064516128,/home/kesha/dev/uni/kursach/refs/asr/new_audio/2646.wav,evn,1.7565345764160156
623,maqniwqpumnanihnidawhmoh,maɪotbəmɪlierət,0.4173387096774193,/home/kesha/dev/uni/kursach/refs/asr/new_audio/623.wav,yrk,1.4117321968078613
638,"Ti,tundaǣwadnyetǣrityuquqsănăyeq",tɪmtɪhævwətðiɪdvɛkʧərzsɪnəiət,0.3397177419354839,/home/kesha/dev/uni/kursach/refs/asr/new_audio/638.wav,yrk,1.8325426578521729
3200,bəjəltugtugdōora ,bɔɪoʊzʤulʤuldðoʊɔtər,0.2943548387096774,/home/kesha/dev/uni/kursach/refs/asr/new_audio/3200.wav,evn,3.3808271884918213
3117,akīmužəharhagdiodan,rakɪmðoʊzəpaɪhagðiɔrdnə,0.2784011220196353,/home/kesha/dev/uni/kursach/refs/asr/new_audio/3117.wav,evn,2.4573099613189697
1630,Nyabakodatuhsidyaǣwuwnanyorakuqlada.,aɪɪkwɪtðəduɪzjukɪhipwundɪŋjʊrɪtərkwəllɛðəŋ,0.2964669738863287,/home/kesha/dev/uni/kursach/refs/asr/new_audio/1630.wav,yrk,2.6991400718688965
1323,syudbyawǣsăkohnyenyunhmaqniwq:«Mănʹmyakniandadmh»,ʃiweɪzhwɪŋɪŋɪnwaɪnəliməpənæd,0.5016458196181699,/home/kesha/dev/uni/kursach/refs/asr/new_audio/1323.wav,yrk,1.3367836475372314
1989,tožənukanikulilwunhajaləbiŋkītin,doikerðəbɪngwoɪnhæbətɪd,0.373991935483871,/home/kesha/dev/uni/kursach/refs/asr/new_audio/1989.wav,evn,1.2587687969207764
897,Timisalăbamyunandaŋǣwaki»,hesəkaɪnkɪlə,0.5690322580645162,/home/kesha/dev/uni/kursach/refs/asr/new_audio/897.wav,yrk,1.1241319179534912
1855,tənintəsqiwnetŋoonrekaarasəkojpə,tɪliɪttɪstɛrənɛtkɔwəndeɪðəgɑrdəsɪkwɪpw,0.2241086587436333,/home/kesha/dev/uni/kursach/refs/asr/new_audio/1855.wav,ckt,2.27046275138855
2837,turuhanskəduktselyjaŋanīwəəmədəfkīŋəkəndəlā,duəlæsðədɪtilðəənɛnioɔrwiuɪn,0.4077269317329332,/home/kesha/dev/uni/kursach/refs/asr/new_audio/2837.wav,evn,1.996815800666809
2226,dundəlīətōndəgirkura,dunbɪlətənðeɪgɪtkʊɪtər,0.3042521994134897,/home/kesha/dev/uni/kursach/refs/asr/new_audio/2226.wav,evn,2.510504961013794
2442,tādukmōlbamōlālifkī,əðərmoʊlwomoleivti,0.4066213921901528,/home/kesha/dev/uni/kursach/refs/asr/new_audio/2442.wav,evn,2.5112364292144775
2936,aŋikākunkamendantkrimlabičōn,həŋjukkwonɑtkəmɪndəntklɪmlæbbɪsʃɔn,0.2556925996204933,/home/kesha/dev/uni/kursach/refs/asr/new_audio/2936.wav,evn,3.161177158355713
59,"Maqnyu"":""Tărcyayadyembădăăna",maɪnɪŋeɪzɪtjɛtɪtwəənti,0.3917050691244239,/home/kesha/dev/uni/kursach/refs/asr/new_audio/59.wav,yrk,2.353386878967285
2790,irabičәndaačinoča,jʊdhævbɪtəndðəaɪsiloʊʧə,0.3513323983169705,/home/kesha/dev/uni/kursach/refs/asr/new_audio/2790.wav,evn,1.6416912078857422
284,"Timancaranidatanyawiqŋǣqniqimq,",ʃiʊdwənthædaɪgestɪduɑrnɪʤɪŋ,0.2752341311134235,/home/kesha/dev/uni/kursach/refs/asr/new_audio/284.wav,yrk,1.485658049583435
1236,Piyayarăkondmaqniwqmǣdasoohsidyayaduwnamaqniwqsidyayutyekădamăntircʹǣbyanondih.,wijarwemenɪŋŋwɪθɛfoɪsikihipwənaeiitɪprɪmnheɪttɛəmənts,0.4154757043691303,/home/kesha/dev/uni/kursach/refs/asr/new_audio/1236.wav,yrk,1.6529345512390137
308,Mandaraacyaqnyoqponhilye,məntəlæʧɪŋəpɔɪntəgɪi,0.2634408602150538,/home/kesha/dev/uni/kursach/refs/asr/new_audio/308.wav,yrk,1.8364083766937256
854,Ŋămgǣsidyambonihtyedananih?»,okeɪsədubrənsɪnnetɪd,0.3646313364055301,/home/kesha/dev/uni/kursach/refs/asr/new_audio/854.wav,yrk,1.3642692565917969
1166,tyeǣsoomyakănda.,ahɔrnnæpætðət,0.4122983870967742,/home/kesha/dev/uni/kursach/refs/asr/new_audio/1166.wav,yrk,1.782362699508667
1439,Wihtyerilyenyanyenǣcyaŋǣnirawinyoqanʹh,ebinkɪtinkɪnətgɪtərioklan,0.418081494057725,/home/kesha/dev/uni/kursach/refs/asr/new_audio/1439.wav,yrk,1.8390781879425049
1881,wenɬəɣimətekwenməkʔəm,venmstekenməkəm,0.3248847926267281,/home/kesha/dev/uni/kursach/refs/asr/new_audio/1881.wav,ckt,2.0258371829986572
2464,nəkuninbiśōntarəjəgorvasiljəvič,oʊpɪnnbɪθhəndtəʤɪtɪtjuɔrdərəsiljuɪʧ,0.3119815668202765,/home/kesha/dev/uni/kursach/refs/asr/new_audio/2464.wav,evn,2.8317813873291016
2788,iәnәkurwid’urahatkarwarwaraikat’a,noʊkwɪnwiʤəlaɪhaɪsgɑtəwɔtərwɔtərjuvkræʧɪt,0.3961447678992919,/home/kesha/dev/uni/kursach/refs/asr/new_audio/2788.wav,evn,2.548788070678711
2618,aśītarikōďəďən,aɪsθitdətətɪkwɔɪətigki,0.5315249266862171,/home/kesha/dev/uni/kursach/refs/asr/new_audio/2618.wav,evn,1.7931885719299316
553,Tiwǣwamaqniwqtaryemh,ʧiðeɪwərmeɪŋkɪŋ,0.3677419354838709,/home/kesha/dev/uni/kursach/refs/asr/new_audio/553.wav,yrk,1.630049228668213
1726,Tikiyaranyanaaya?,ukuditərɪmjannɪdi,0.2827324478178368,/home/kesha/dev/uni/kursach/refs/asr/new_audio/1726.wav,yrk,2.5532100200653076
2014,nuəčeŋolotčerəmōtītkōn,nɔrwɑzjoʊmɑlɪkʧutərɪnðəwntɪdg,0.3631813125695217,/home/kesha/dev/uni/kursach/refs/asr/new_audio/2014.wav,evn,3.133084535598755
1332,Siqiwyurhuryodahǣŋgă̌rimhmǣqŋaq.,juwɪljuurəgʊdəvðəthəmblɪŋwəmər,0.3150201612903225,/home/kesha/dev/uni/kursach/refs/asr/new_audio/1332.wav,yrk,2.256165027618408
1207,Piyadamaqniwqnyaŋǣdyamaqniwqyumbăradsyedahŋar,iðərməniərnidmaɪniɪnŋwətersjɛtəɑrt,0.3623655913978494,/home/kesha/dev/uni/kursach/refs/asr/new_audio/1207.wav,yrk,1.9227015972137451
963,[nyeracbortʃiwo],aɑlaɪkgɪttwuts,0.3528225806451613,/home/kesha/dev/uni/kursach/refs/asr/new_audio/963.wav,yrk,1.1346379518508911
2446,hōhəgdīhawatarpowarďakīt,ərhʊukʊddɪhaʊlɑʧætəpoʊɔndɛki,0.3139400921658986,/home/kesha/dev/uni/kursach/refs/asr/new_audio/2446.wav,evn,2.551764965057373
132,timălyesyanaw,ʃipʊtmɪlɪsɔnhoʊl,0.377016129032258,/home/kesha/dev/uni/kursach/refs/asr/new_audio/132.wav,yrk,1.9703809022903442
502,tarcyaŋǣŋgobqnandohtădnyernyahwǣbărkaq,dɪzʃiowoməndɪɪmiliəntroəkəp,0.3904923599320883,/home/kesha/dev/uni/kursach/refs/asr/new_audio/502.wav,yrk,1.6789965629577637
2005,əməəmərəwbūtarguluwundulāwər,əmɔrəmoʊtoʊbtsərgʊlwɪnbilaʊdə,0.2691879866518353,/home/kesha/dev/uni/kursach/refs/asr/new_audio/2005.wav,evn,2.0936429500579834
263,[...]Ti,ʃiɔlwɑzlʊkɪŋmɛnliætrtit,0.9130434782608696,/home/kesha/dev/uni/kursach/refs/asr/new_audio/263.wav,yrk,1.9934971332550049
2894,tolgokīlbimńinbiďərə ,dɪlʊkəpkjumɪndunidbigɪtər,0.3348387096774193,/home/kesha/dev/uni/kursach/refs/asr/new_audio/2894.wav,evn,2.4599673748016357
847,adădataāŋaruwnapuucyaŋǣăya,ðəlaʊɪnðəwʊdgɪtmaɪhæi,0.3715880893300248,/home/kesha/dev/uni/kursach/refs/asr/new_audio/847.wav,yrk,2.201841115951538
